user_id,item_id,item_type,timestamp,behavior_type,label,category,source_dataset
u75,i69,live_room,1700000000,exposure,0,sports,sample
u7,i49,live_room,1700000001,exposure,0,music,sample
u67,i62,live_room,1700000002,click,1,movie,sample
u50,i22,live_room,1700000003,click,1,food,sample
u63,i125,live_room,1700000004,click,1,study,sample
u22,i127,live_room,1700000005,click,1,music,sample
u2,i21,live_room,1700000006,click,1,sports,sample
u52,i74,live_room,1700000007,click,1,movie,sample
u45,i101,live_room,1700000008,click,1,study,sample
u63,i47,live_room,1700000009,click,1,study,sample
u78,i33,live_room,1700000010,exposure,0,sports,sample
u2,i39,live_room,1700000011,click,1,sports,sample
u73,i42,live_room,1700000012,click,1,game,sample
u40,i126,live_room,1700000013,click,1,game,sample
u33,i129,live_room,1700000014,click,1,sports,sample
u8,i14,live_room,1700000015,exposure,0,movie,sample
u57,i24,live_room,1700000016,click,1,game,sample
u39,i111,live_room,1700000017,click,1,sports,sample
u19,i50,live_room,1700000018,click,1,movie,sample
u76,i13,live_room,1700000019,exposure,0,music,sample
u29,i146,live_room,1700000020,click,1,movie,sample
u61,i155,live_room,1700000021,exposure,0,study,sample
u63,i71,live_room,1700000022,click,1,study,sample
u35,i144,live_room,1700000023,click,1,game,sample
u57,i48,live_room,1700000024,click,1,game,sample
u37,i137,live_room,1700000025,exposure,0,study,sample
u53,i68,live_room,1700000026,click,1,movie,sample
u7,i100,live_room,1700000027,click,1,food,sample
u62,i8,live_room,1700000028,click,1,movie,sample
u52,i20,live_room,1700000029,click,1,movie,sample
u63,i27,live_room,1700000030,exposure,0,sports,sample
u35,i54,live_room,1700000031,click,1,game,sample
u12,i148,live_room,1700000032,click,1,food,sample
u5,i17,live_room,1700000033,click,1,study,sample
u35,i150,live_room,1700000034,click,1,game,sample
u64,i44,live_room,1700000035,click,1,movie,sample
u67,i68,live_room,1700000036,exposure,0,movie,sample
u0,i144,live_room,1700000037,click,1,game,sample
u25,i15,live_room,1700000038,click,1,sports,sample
u19,i105,live_room,1700000039,exposure,0,sports,sample
u25,i17,live_room,1700000040,click,1,study,sample
u18,i5,live_room,1700000041,click,1,study,sample
u24,i132,live_room,1700000042,exposure,0,game,sample
u16,i153,live_room,1700000043,click,1,sports,sample
u72,i40,live_room,1700000044,click,1,food,sample
u42,i10,live_room,1700000045,exposure,0,food,sample
u12,i142,live_room,1700000046,exposure,0,food,sample
u17,i144,live_room,1700000047,click,1,game,sample
u1,i124,live_room,1700000048,click,1,food,sample
u70,i15,live_room,1700000049,click,1,sports,sample
u0,i150,live_room,1700000050,click,1,game,sample
u5,i131,live_room,1700000051,click,1,study,sample
u29,i95,live_room,1700000052,click,1,study,sample
u22,i49,live_room,1700000053,exposure,0,music,sample
u39,i81,live_room,1700000054,click,1,sports,sample
u13,i34,live_room,1700000055,click,1,food,sample
u77,i19,live_room,1700000056,click,1,music,sample
u61,i94,live_room,1700000057,click,1,food,sample
u2,i114,live_room,1700000058,click,1,game,sample
u34,i19,live_room,1700000059,exposure,0,music,sample
u77,i49,live_room,1700000060,click,1,music,sample
u25,i153,live_room,1700000061,exposure,0,sports,sample
u39,i3,live_room,1700000062,click,1,sports,sample
u67,i14,live_room,1700000063,click,1,movie,sample
u0,i156,live_room,1700000064,exposure,0,game,sample
u59,i124,live_room,1700000065,click,1,food,sample
u67,i2,live_room,1700000066,exposure,0,movie,sample
u20,i129,live_room,1700000067,click,1,sports,sample
u61,i96,live_room,1700000068,exposure,0,game,sample
u23,i65,live_room,1700000069,click,1,study,sample
u9,i104,live_room,1700000070,exposure,0,movie,sample
u42,i40,live_room,1700000071,click,1,food,sample
u67,i134,live_room,1700000072,click,1,movie,sample
u38,i97,live_room,1700000073,exposure,0,music,sample
u25,i51,live_room,1700000074,exposure,0,sports,sample
u47,i29,live_room,1700000075,click,1,study,sample
u36,i23,live_room,1700000076,click,1,study,sample
u15,i28,live_room,1700000077,click,1,food,sample
u41,i106,live_room,1700000078,click,1,food,sample
u78,i80,live_room,1700000079,exposure,0,movie,sample
u42,i10,live_room,1700000080,click,1,food,sample
u18,i41,live_room,1700000081,click,1,study,sample
u22,i7,live_room,1700000082,click,1,music,sample
u71,i16,live_room,1700000083,click,1,food,sample
u32,i144,live_room,1700000084,exposure,0,game,sample
u64,i144,live_room,1700000085,exposure,0,game,sample
u46,i128,live_room,1700000086,click,1,movie,sample
u59,i22,live_room,1700000087,click,1,food,sample
u77,i139,live_room,1700000088,click,1,music,sample
u54,i104,live_room,1700000089,click,1,movie,sample
u34,i77,live_room,1700000090,click,1,study,sample
u27,i58,live_room,1700000091,click,1,food,sample
u34,i59,live_room,1700000092,click,1,study,sample
u63,i151,live_room,1700000093,exposure,0,music,sample
u61,i52,live_room,1700000094,exposure,0,food,sample
u39,i104,live_room,1700000095,exposure,0,movie,sample
u61,i100,live_room,1700000096,click,1,food,sample
u2,i33,live_room,1700000097,exposure,0,sports,sample
u73,i18,live_room,1700000098,click,1,game,sample
u49,i112,live_room,1700000099,exposure,0,food,sample
u57,i21,live_room,1700000100,exposure,0,sports,sample
u32,i94,live_room,1700000101,exposure,0,food,sample
u74,i148,live_room,1700000102,click,1,food,sample
u4,i14,live_room,1700000103,click,1,movie,sample
u10,i93,live_room,1700000104,click,1,sports,sample
u54,i83,live_room,1700000105,exposure,0,study,sample
u41,i76,live_room,1700000106,exposure,0,food,sample
u67,i20,live_room,1700000107,click,1,movie,sample
u39,i105,live_room,1700000108,click,1,sports,sample
u16,i111,live_room,1700000109,exposure,0,sports,sample
u65,i121,live_room,1700000110,click,1,music,sample
u42,i52,live_room,1700000111,click,1,food,sample
u6,i150,live_room,1700000112,click,1,game,sample
u10,i117,live_room,1700000113,exposure,0,sports,sample
u28,i129,live_room,1700000114,click,1,sports,sample
u52,i158,live_room,1700000115,exposure,0,movie,sample
u33,i18,live_room,1700000116,exposure,0,game,sample
u9,i18,live_room,1700000117,click,1,game,sample
u43,i2,live_room,1700000118,exposure,0,movie,sample
u34,i47,live_room,1700000119,click,1,study,sample
u0,i48,live_room,1700000120,exposure,0,game,sample
u43,i17,live_room,1700000121,exposure,0,study,sample
u54,i45,live_room,1700000122,click,1,sports,sample
u53,i158,live_room,1700000123,click,1,movie,sample
u49,i14,live_room,1700000124,click,1,movie,sample
u19,i38,live_room,1700000125,click,1,movie,sample
u64,i31,live_room,1700000126,exposure,0,music,sample
u72,i2,live_room,1700000127,click,1,movie,sample
u65,i96,live_room,1700000128,click,1,game,sample
u23,i137,live_room,1700000129,click,1,study,sample
u77,i148,live_room,1700000130,exposure,0,food,sample
u65,i133,live_room,1700000131,click,1,music,sample
u9,i18,live_room,1700000132,click,1,game,sample
u43,i100,live_room,1700000133,click,1,food,sample
u65,i115,live_room,1700000134,click,1,music,sample
u7,i113,live_room,1700000135,exposure,0,study,sample
u40,i6,live_room,1700000136,click,1,game,sample
u17,i138,live_room,1700000137,click,1,game,sample
u29,i14,live_room,1700000138,exposure,0,movie,sample
u47,i73,live_room,1700000139,exposure,0,music,sample
u69,i92,live_room,1700000140,exposure,0,movie,sample
u43,i50,live_room,1700000141,click,1,movie,sample
u20,i103,live_room,1700000142,click,1,music,sample
u36,i83,live_room,1700000143,click,1,study,sample
u10,i21,live_room,1700000144,click,1,sports,sample
u7,i46,live_room,1700000145,click,1,food,sample
u32,i102,live_room,1700000146,click,1,game,sample
u67,i32,live_room,1700000147,click,1,movie,sample
u73,i0,live_room,1700000148,click,1,game,sample
u11,i35,live_room,1700000149,click,1,study,sample
u47,i113,live_room,1700000150,click,1,study,sample
u49,i50,live_room,1700000151,exposure,0,movie,sample
u15,i70,live_room,1700000152,click,1,food,sample
u76,i82,live_room,1700000153,exposure,0,food,sample
u10,i147,live_room,1700000154,click,1,sports,sample
u21,i128,live_room,1700000155,exposure,0,movie,sample
u30,i80,live_room,1700000156,click,1,movie,sample
u69,i134,live_room,1700000157,click,1,movie,sample
u45,i53,live_room,1700000158,click,1,study,sample
u5,i119,live_room,1700000159,exposure,0,study,sample
u56,i141,live_room,1700000160,click,1,sports,sample
u19,i98,live_room,1700000161,click,1,movie,sample
u40,i153,live_room,1700000162,exposure,0,sports,sample
u33,i51,live_room,1700000163,click,1,sports,sample
u60,i65,live_room,1700000164,click,1,study,sample
u53,i32,live_room,1700000165,click,1,movie,sample
u56,i26,live_room,1700000166,exposure,0,movie,sample
u76,i88,live_room,1700000167,exposure,0,food,sample
u52,i20,live_room,1700000168,click,1,movie,sample
u26,i12,live_room,1700000169,exposure,0,game,sample
u38,i73,live_room,1700000170,click,1,music,sample
u19,i146,live_room,1700000171,click,1,movie,sample
u15,i46,live_room,1700000172,click,1,food,sample
u57,i78,live_room,1700000173,click,1,game,sample
u67,i134,live_room,1700000174,click,1,movie,sample
u32,i107,live_room,1700000175,click,1,study,sample
u57,i54,live_room,1700000176,click,1,game,sample
u74,i130,live_room,1700000177,click,1,food,sample
u55,i138,live_room,1700000178,exposure,0,game,sample
u24,i93,live_room,1700000179,exposure,0,sports,sample
u46,i80,live_room,1700000180,click,1,movie,sample
u1,i63,live_room,1700000181,exposure,0,sports,sample
u31,i25,live_room,1700000182,click,1,music,sample
u20,i3,live_room,1700000183,exposure,0,sports,sample
u33,i51,live_room,1700000184,click,1,sports,sample
u33,i45,live_room,1700000185,click,1,sports,sample
u57,i156,live_room,1700000186,click,1,game,sample
u78,i121,live_room,1700000187,exposure,0,music,sample
u22,i154,live_room,1700000188,exposure,0,food,sample
u5,i18,live_room,1700000189,exposure,0,game,sample
u51,i85,live_room,1700000190,exposure,0,music,sample
u8,i157,live_room,1700000191,click,1,music,sample
u77,i121,live_room,1700000192,click,1,music,sample
u23,i6,live_room,1700000193,exposure,0,game,sample
u70,i154,live_room,1700000194,exposure,0,food,sample
u19,i65,live_room,1700000195,click,1,study,sample
u17,i88,live_room,1700000196,exposure,0,food,sample
u35,i132,live_room,1700000197,click,1,game,sample
u76,i7,live_room,1700000198,click,1,music,sample
u61,i114,live_room,1700000199,exposure,0,game,sample
u59,i118,live_room,1700000200,click,1,food,sample
u72,i38,live_room,1700000201,exposure,0,movie,sample
u35,i0,live_room,1700000202,click,1,game,sample
u42,i4,live_room,1700000203,exposure,0,food,sample
u48,i106,live_room,1700000204,exposure,0,food,sample
u41,i55,live_room,1700000205,exposure,0,music,sample
u56,i93,live_room,1700000206,click,1,sports,sample
u43,i140,live_room,1700000207,click,1,movie,sample
u54,i56,live_room,1700000208,click,1,movie,sample
u42,i154,live_room,1700000209,click,1,food,sample
u42,i22,live_room,1700000210,exposure,0,food,sample
u68,i108,live_room,1700000211,click,1,game,sample
u39,i147,live_room,1700000212,click,1,sports,sample
u8,i55,live_room,1700000213,click,1,music,sample
u44,i0,live_room,1700000214,click,1,game,sample
u70,i52,live_room,1700000215,exposure,0,food,sample
u76,i121,live_room,1700000216,click,1,music,sample
u27,i142,live_room,1700000217,click,1,food,sample
u71,i145,live_room,1700000218,click,1,music,sample
u17,i90,live_room,1700000219,click,1,game,sample
u68,i36,live_room,1700000220,click,1,game,sample
u27,i136,live_room,1700000221,click,1,food,sample
u20,i126,live_room,1700000222,exposure,0,game,sample
u68,i76,live_room,1700000223,exposure,0,food,sample
u20,i130,live_room,1700000224,exposure,0,food,sample
u37,i28,live_room,1700000225,click,1,food,sample
u34,i104,live_room,1700000226,exposure,0,movie,sample
u74,i70,live_room,1700000227,exposure,0,food,sample
u59,i16,live_room,1700000228,click,1,food,sample
u45,i11,live_room,1700000229,click,1,study,sample
u63,i53,live_room,1700000230,click,1,study,sample
u50,i58,live_room,1700000231,click,1,food,sample
u35,i30,live_room,1700000232,click,1,game,sample
u18,i65,live_room,1700000233,click,1,study,sample
u33,i141,live_room,1700000234,click,1,sports,sample
u21,i80,live_room,1700000235,click,1,movie,sample
u44,i124,live_room,1700000236,click,1,food,sample
u18,i53,live_room,1700000237,click,1,study,sample
u69,i110,live_room,1700000238,click,1,movie,sample
u19,i152,live_room,1700000239,click,1,movie,sample
u69,i116,live_room,1700000240,click,1,movie,sample
u25,i22,live_room,1700000241,click,1,food,sample
u74,i28,live_room,1700000242,click,1,food,sample
u56,i99,live_room,1700000243,click,1,sports,sample
u18,i94,live_room,1700000244,click,1,food,sample
u22,i139,live_room,1700000245,click,1,music,sample
u71,i123,live_room,1700000246,click,1,sports,sample
u19,i146,live_room,1700000247,click,1,movie,sample
u72,i158,live_room,1700000248,click,1,movie,sample
u11,i50,live_room,1700000249,exposure,0,movie,sample
u23,i35,live_room,1700000250,click,1,study,sample
u65,i13,live_room,1700000251,click,1,music,sample
u30,i2,live_room,1700000252,click,1,movie,sample
u67,i113,live_room,1700000253,exposure,0,study,sample
u9,i144,live_room,1700000254,click,1,game,sample
u62,i20,live_room,1700000255,click,1,movie,sample
u63,i81,live_room,1700000256,click,1,sports,sample
u73,i2,live_room,1700000257,exposure,0,movie,sample
u31,i20,live_room,1700000258,exposure,0,movie,sample
u33,i87,live_room,1700000259,click,1,sports,sample
u57,i6,live_room,1700000260,click,1,game,sample
u27,i106,live_room,1700000261,click,1,food,sample
u4,i98,live_room,1700000262,exposure,0,movie,sample
u67,i38,live_room,1700000263,click,1,movie,sample
u42,i64,live_room,1700000264,click,1,food,sample
u61,i90,live_room,1700000265,exposure,0,game,sample
u11,i65,live_room,1700000266,click,1,study,sample
u2,i129,live_room,1700000267,click,1,sports,sample
u75,i15,live_room,1700000268,exposure,0,sports,sample
u12,i106,live_room,1700000269,exposure,0,food,sample
u21,i26,live_room,1700000270,exposure,0,movie,sample
u78,i147,live_room,1700000271,click,1,sports,sample
u70,i117,live_room,1700000272,exposure,0,sports,sample
u33,i82,live_room,1700000273,exposure,0,food,sample
u42,i124,live_room,1700000274,click,1,food,sample
u62,i144,live_room,1700000275,exposure,0,game,sample
u40,i12,live_room,1700000276,click,1,game,sample
u36,i3,live_room,1700000277,exposure,0,sports,sample
u64,i115,live_room,1700000278,exposure,0,music,sample
u50,i52,live_room,1700000279,click,1,food,sample
u30,i68,live_room,1700000280,exposure,0,movie,sample
u40,i72,live_room,1700000281,click,1,game,sample
u29,i62,live_room,1700000282,click,1,movie,sample
u24,i106,live_room,1700000283,exposure,0,food,sample
u58,i40,live_room,1700000284,click,1,food,sample
u46,i140,live_room,1700000285,click,1,movie,sample
u78,i33,live_room,1700000286,click,1,sports,sample
u36,i41,live_room,1700000287,click,1,study,sample
u7,i148,live_room,1700000288,click,1,food,sample
u70,i16,live_room,1700000289,click,1,food,sample
u25,i122,live_room,1700000290,exposure,0,movie,sample
u8,i157,live_room,1700000291,exposure,0,music,sample
u47,i11,live_room,1700000292,click,1,study,sample
u17,i84,live_room,1700000293,exposure,0,game,sample
u59,i100,live_room,1700000294,click,1,food,sample
u6,i36,live_room,1700000295,exposure,0,game,sample
u29,i93,live_room,1700000296,exposure,0,sports,sample
u67,i62,live_room,1700000297,click,1,movie,sample
u2,i123,live_room,1700000298,exposure,0,sports,sample
u32,i19,live_room,1700000299,click,1,music,sample
u30,i42,live_room,1700000300,click,1,game,sample
u52,i68,live_room,1700000301,click,1,movie,sample
u70,i113,live_room,1700000302,exposure,0,study,sample
u59,i52,live_room,1700000303,click,1,food,sample
u26,i38,live_room,1700000304,exposure,0,movie,sample
u5,i142,live_room,1700000305,exposure,0,food,sample
u22,i79,live_room,1700000306,click,1,music,sample
u66,i71,live_room,1700000307,click,1,study,sample
u14,i148,live_room,1700000308,exposure,0,food,sample
u11,i29,live_room,1700000309,click,1,study,sample
u13,i40,live_room,1700000310,click,1,food,sample
u12,i142,live_room,1700000311,click,1,food,sample
u5,i77,live_room,1700000312,click,1,study,sample
u52,i29,live_room,1700000313,exposure,0,study,sample
u65,i121,live_room,1700000314,click,1,music,sample
u66,i143,live_room,1700000315,click,1,study,sample
u74,i54,live_room,1700000316,exposure,0,game,sample
u4,i120,live_room,1700000317,click,1,game,sample
u16,i147,live_room,1700000318,click,1,sports,sample
u60,i0,live_room,1700000319,exposure,0,game,sample
u70,i10,live_room,1700000320,click,1,food,sample
u34,i23,live_room,1700000321,click,1,study,sample
u12,i142,live_room,1700000322,click,1,food,sample
u57,i72,live_room,1700000323,click,1,game,sample
u5,i75,live_room,1700000324,exposure,0,sports,sample
u44,i24,live_room,1700000325,exposure,0,game,sample
u46,i8,live_room,1700000326,exposure,0,movie,sample
u59,i119,live_room,1700000327,exposure,0,study,sample
u60,i107,live_room,1700000328,exposure,0,study,sample
u57,i58,live_room,1700000329,exposure,0,food,sample
u71,i91,live_room,1700000330,click,1,music,sample
u58,i142,live_room,1700000331,click,1,food,sample
u32,i54,live_room,1700000332,click,1,game,sample
u20,i21,live_room,1700000333,click,1,sports,sample
u10,i105,live_room,1700000334,click,1,sports,sample
u70,i52,live_room,1700000335,click,1,food,sample
u75,i140,live_room,1700000336,click,1,movie,sample
u13,i22,live_room,1700000337,click,1,food,sample
u22,i43,live_room,1700000338,exposure,0,music,sample
u59,i34,live_room,1700000339,click,1,food,sample
u61,i148,live_room,1700000340,click,1,food,sample
u24,i100,live_room,1700000341,exposure,0,food,sample
u41,i64,live_room,1700000342,click,1,food,sample
u43,i64,live_room,1700000343,exposure,0,food,sample
u29,i71,live_room,1700000344,exposure,0,study,sample
u26,i50,live_room,1700000345,click,1,movie,sample
u35,i102,live_room,1700000346,click,1,game,sample
u32,i146,live_room,1700000347,exposure,0,movie,sample
u74,i156,live_room,1700000348,exposure,0,game,sample
u18,i119,live_room,1700000349,click,1,study,sample
u55,i36,live_room,1700000350,click,1,game,sample
u24,i40,live_room,1700000351,click,1,food,sample
u22,i35,live_room,1700000352,exposure,0,study,sample
u45,i29,live_room,1700000353,click,1,study,sample
u36,i127,live_room,1700000354,click,1,music,sample
u55,i120,live_room,1700000355,click,1,game,sample
u36,i155,live_room,1700000356,click,1,study,sample
u2,i69,live_room,1700000357,exposure,0,sports,sample
u23,i155,live_room,1700000358,click,1,study,sample
u47,i125,live_room,1700000359,exposure,0,study,sample
u17,i102,live_room,1700000360,exposure,0,game,sample
u46,i26,live_room,1700000361,click,1,movie,sample
u19,i80,live_room,1700000362,click,1,movie,sample
u0,i158,live_room,1700000363,exposure,0,movie,sample
u8,i15,live_room,1700000364,exposure,0,sports,sample
u25,i51,live_room,1700000365,click,1,sports,sample
u16,i9,live_room,1700000366,click,1,sports,sample
u25,i125,live_room,1700000367,exposure,0,study,sample
u74,i64,live_room,1700000368,click,1,food,sample
u57,i126,live_room,1700000369,exposure,0,game,sample
u21,i23,live_room,1700000370,click,1,study,sample
u26,i26,live_room,1700000371,click,1,movie,sample
u40,i6,live_room,1700000372,click,1,game,sample
u68,i120,live_room,1700000373,click,1,game,sample
u59,i130,live_room,1700000374,click,1,food,sample
u5,i137,live_room,1700000375,exposure,0,study,sample
u36,i131,live_room,1700000376,click,1,study,sample
u43,i116,live_room,1700000377,click,1,movie,sample
u16,i80,live_room,1700000378,exposure,0,movie,sample
u24,i58,live_room,1700000379,click,1,food,sample
u51,i121,live_room,1700000380,click,1,music,sample
u26,i26,live_room,1700000381,exposure,0,movie,sample
u4,i63,live_room,1700000382,click,1,sports,sample
u79,i100,live_room,1700000383,click,1,food,sample
u14,i140,live_room,1700000384,exposure,0,movie,sample
u36,i29,live_room,1700000385,click,1,study,sample
u75,i46,live_room,1700000386,exposure,0,food,sample
u59,i88,live_room,1700000387,exposure,0,food,sample
u37,i4,live_room,1700000388,click,1,food,sample
u29,i80,live_room,1700000389,click,1,movie,sample
u20,i121,live_room,1700000390,exposure,0,music,sample
u12,i64,live_room,1700000391,click,1,food,sample
u12,i52,live_room,1700000392,click,1,food,sample
u67,i8,live_room,1700000393,click,1,movie,sample
u47,i143,live_room,1700000394,click,1,study,sample
u67,i146,live_room,1700000395,click,1,movie,sample
u67,i152,live_room,1700000396,click,1,movie,sample
u37,i94,live_room,1700000397,click,1,food,sample
u2,i33,live_room,1700000398,click,1,sports,sample
u8,i67,live_room,1700000399,click,1,music,sample
u52,i140,live_room,1700000400,click,1,movie,sample
u19,i8,live_room,1700000401,click,1,movie,sample
u74,i94,live_room,1700000402,exposure,0,food,sample
u2,i153,live_room,1700000403,click,1,sports,sample
u4,i20,live_room,1700000404,click,1,movie,sample
u15,i136,live_room,1700000405,exposure,0,food,sample
u55,i84,live_room,1700000406,click,1,game,sample
u16,i63,live_room,1700000407,exposure,0,sports,sample
u6,i92,live_room,1700000408,click,1,movie,sample
u64,i158,live_room,1700000409,click,1,movie,sample
u23,i155,live_room,1700000410,click,1,study,sample
u63,i95,live_room,1700000411,click,1,study,sample
u17,i30,live_room,1700000412,exposure,0,game,sample
u2,i93,live_room,1700000413,click,1,sports,sample
u35,i66,live_room,1700000414,exposure,0,game,sample
u64,i152,live_room,1700000415,click,1,movie,sample
u21,i74,live_room,1700000416,click,1,movie,sample
u23,i107,live_room,1700000417,click,1,study,sample
u77,i55,live_room,1700000418,click,1,music,sample
u24,i26,live_room,1700000419,exposure,0,movie,sample
u69,i32,live_room,1700000420,click,1,movie,sample
u42,i41,live_room,1700000421,exposure,0,study,sample
u14,i94,live_room,1700000422,click,1,food,sample
u52,i152,live_room,1700000423,exposure,0,movie,sample
u73,i90,live_room,1700000424,click,1,game,sample
u74,i106,live_room,1700000425,click,1,food,sample
u26,i118,live_room,1700000426,exposure,0,food,sample
u16,i75,live_room,1700000427,click,1,sports,sample
u74,i52,live_room,1700000428,exposure,0,food,sample
u68,i90,live_room,1700000429,click,1,game,sample
u34,i125,live_room,1700000430,click,1,study,sample
u19,i154,live_room,1700000431,exposure,0,food,sample
u68,i30,live_room,1700000432,exposure,0,game,sample
u46,i62,live_room,1700000433,click,1,movie,sample
u40,i78,live_room,1700000434,exposure,0,game,sample
u58,i94,live_room,1700000435,click,1,food,sample
u10,i69,live_room,1700000436,click,1,sports,sample
u17,i132,live_room,1700000437,click,1,game,sample
u58,i136,live_room,1700000438,click,1,food,sample
u40,i72,live_room,1700000439,click,1,game,sample
u50,i106,live_room,1700000440,click,1,food,sample
u10,i9,live_room,1700000441,click,1,sports,sample
u74,i34,live_room,1700000442,click,1,food,sample
u39,i57,live_room,1700000443,exposure,0,sports,sample
u15,i64,live_room,1700000444,exposure,0,food,sample
u19,i14,live_room,1700000445,exposure,0,movie,sample
u70,i100,live_room,1700000446,click,1,food,sample
u29,i2,live_room,1700000447,exposure,0,movie,sample
u38,i151,live_room,1700000448,click,1,music,sample
u43,i48,live_room,1700000449,click,1,game,sample
u24,i149,live_room,1700000450,click,1,study,sample
u22,i9,live_room,1700000451,click,1,sports,sample
u57,i85,live_room,1700000452,exposure,0,music,sample
u56,i63,live_room,1700000453,click,1,sports,sample
u13,i154,live_room,1700000454,click,1,food,sample
u41,i45,live_room,1700000455,click,1,sports,sample
u53,i140,live_room,1700000456,exposure,0,movie,sample
u10,i156,live_room,1700000457,exposure,0,game,sample
u50,i20,live_room,1700000458,exposure,0,movie,sample
u31,i86,live_room,1700000459,exposure,0,movie,sample
u35,i114,live_room,1700000460,click,1,game,sample
u69,i62,live_room,1700000461,click,1,movie,sample
u9,i12,live_room,1700000462,click,1,game,sample
u57,i71,live_room,1700000463,exposure,0,study,sample
u6,i0,live_room,1700000464,click,1,game,sample
u22,i157,live_room,1700000465,click,1,music,sample
u53,i149,live_room,1700000466,click,1,study,sample
u45,i11,live_room,1700000467,click,1,study,sample
u11,i35,live_room,1700000468,exposure,0,study,sample
u20,i87,live_room,1700000469,click,1,sports,sample
u40,i126,live_room,1700000470,exposure,0,game,sample
u49,i148,live_room,1700000471,click,1,food,sample
u37,i34,live_room,1700000472,exposure,0,food,sample
u67,i60,live_room,1700000473,exposure,0,game,sample
u33,i27,live_room,1700000474,click,1,sports,sample
u13,i106,live_room,1700000475,click,1,food,sample
u61,i112,live_room,1700000476,exposure,0,food,sample
u61,i28,live_room,1700000477,click,1,food,sample
u42,i82,live_room,1700000478,click,1,food,sample
u22,i157,live_room,1700000479,click,1,music,sample
u73,i66,live_room,1700000480,click,1,game,sample
u19,i38,live_room,1700000481,click,1,movie,sample
u47,i155,live_room,1700000482,exposure,0,study,sample
u22,i73,live_room,1700000483,exposure,0,music,sample
u57,i103,live_room,1700000484,exposure,0,music,sample
u36,i102,live_room,1700000485,exposure,0,game,sample
u24,i58,live_room,1700000486,click,1,food,sample
u74,i148,live_room,1700000487,click,1,food,sample
u50,i130,live_room,1700000488,click,1,food,sample
u39,i75,live_room,1700000489,click,1,sports,sample
u27,i22,live_room,1700000490,click,1,food,sample
u9,i119,live_room,1700000491,click,1,study,sample
u45,i17,live_room,1700000492,click,1,study,sample
u22,i31,live_room,1700000493,click,1,music,sample
u15,i141,live_room,1700000494,exposure,0,sports,sample
u66,i29,live_room,1700000495,click,1,study,sample
u64,i20,live_room,1700000496,click,1,movie,sample
u30,i20,live_room,1700000497,click,1,movie,sample
u11,i11,live_room,1700000498,click,1,study,sample
u46,i119,live_room,1700000499,exposure,0,study,sample
u35,i132,live_room,1700000500,click,1,game,sample
u14,i28,live_room,1700000501,click,1,food,sample
u57,i38,live_room,1700000502,exposure,0,movie,sample
u14,i46,live_room,1700000503,click,1,food,sample
u56,i51,live_room,1700000504,click,1,sports,sample
u43,i122,live_room,1700000505,exposure,0,movie,sample
u50,i102,live_room,1700000506,exposure,0,game,sample
u37,i98,live_room,1700000507,exposure,0,movie,sample
u40,i126,live_room,1700000508,click,1,game,sample
u56,i3,live_room,1700000509,click,1,sports,sample
u39,i63,live_room,1700000510,click,1,sports,sample
u51,i133,live_room,1700000511,click,1,music,sample
u15,i126,live_room,1700000512,exposure,0,game,sample
u53,i139,live_room,1700000513,exposure,0,music,sample
u10,i63,live_room,1700000514,click,1,sports,sample
u50,i148,live_room,1700000515,click,1,food,sample
u49,i46,live_room,1700000516,click,1,food,sample
u59,i9,live_room,1700000517,exposure,0,sports,sample
u4,i134,live_room,1700000518,click,1,movie,sample
u59,i28,live_room,1700000519,click,1,food,sample
u73,i144,live_room,1700000520,click,1,game,sample
u79,i130,live_room,1700000521,click,1,food,sample
u27,i154,live_room,1700000522,click,1,food,sample
u78,i69,live_room,1700000523,click,1,sports,sample
u48,i124,live_room,1700000524,exposure,0,food,sample
u67,i32,live_room,1700000525,click,1,movie,sample
u29,i158,live_room,1700000526,click,1,movie,sample
u71,i83,live_room,1700000527,click,1,study,sample
u11,i63,live_room,1700000528,exposure,0,sports,sample
u18,i29,live_room,1700000529,click,1,study,sample
u34,i76,live_room,1700000530,exposure,0,food,sample
u59,i110,live_room,1700000531,exposure,0,movie,sample
u52,i64,live_room,1700000532,click,1,food,sample
u79,i116,live_room,1700000533,click,1,movie,sample
u33,i75,live_room,1700000534,click,1,sports,sample
u32,i72,live_room,1700000535,click,1,game,sample
u16,i145,live_room,1700000536,click,1,music,sample
u48,i46,live_room,1700000537,click,1,food,sample
u1,i148,live_room,1700000538,click,1,food,sample
u32,i132,live_room,1700000539,click,1,game,sample
u6,i24,live_room,1700000540,click,1,game,sample
u12,i33,live_room,1700000541,exposure,0,sports,sample
u19,i134,live_room,1700000542,click,1,movie,sample
u68,i138,live_room,1700000543,click,1,game,sample
u43,i122,live_room,1700000544,click,1,movie,sample
u12,i150,live_room,1700000545,exposure,0,game,sample
u4,i140,live_room,1700000546,click,1,movie,sample
u3,i131,live_room,1700000547,exposure,0,study,sample
u33,i21,live_room,1700000548,click,1,sports,sample
u53,i80,live_room,1700000549,click,1,movie,sample
u66,i125,live_room,1700000550,click,1,study,sample
u61,i118,live_room,1700000551,click,1,food,sample
u63,i30,live_room,1700000552,exposure,0,game,sample
u0,i115,live_room,1700000553,exposure,0,music,sample
u31,i55,live_room,1700000554,click,1,music,sample
u5,i155,live_room,1700000555,click,1,study,sample
u49,i136,live_room,1700000556,click,1,food,sample
u48,i61,live_room,1700000557,exposure,0,music,sample
u62,i48,live_room,1700000558,exposure,0,game,sample
u18,i95,live_room,1700000559,exposure,0,study,sample
u75,i2,live_room,1700000560,click,1,movie,sample
u25,i93,live_room,1700000561,click,1,sports,sample
u36,i55,live_room,1700000562,click,1,music,sample
u67,i63,live_room,1700000563,click,1,sports,sample
u28,i123,live_room,1700000564,exposure,0,sports,sample
u17,i119,live_room,1700000565,click,1,study,sample
u43,i85,live_room,1700000566,click,1,music,sample
u63,i35,live_room,1700000567,exposure,0,study,sample
u35,i114,live_room,1700000568,click,1,game,sample
u74,i82,live_room,1700000569,click,1,food,sample
u4,i104,live_room,1700000570,exposure,0,movie,sample
u66,i131,live_room,1700000571,click,1,study,sample
u10,i22,live_room,1700000572,exposure,0,food,sample
u54,i146,live_room,1700000573,click,1,movie,sample
u23,i35,live_room,1700000574,click,1,study,sample
u30,i11,live_room,1700000575,click,1,study,sample
u2,i21,live_room,1700000576,exposure,0,sports,sample
u6,i120,live_room,1700000577,exposure,0,game,sample
u24,i100,live_room,1700000578,click,1,food,sample
u33,i75,live_room,1700000579,click,1,sports,sample
u5,i27,live_room,1700000580,click,1,sports,sample
u33,i27,live_room,1700000581,exposure,0,sports,sample
u55,i48,live_room,1700000582,exposure,0,game,sample
u70,i12,live_room,1700000583,exposure,0,game,sample
u60,i35,live_room,1700000584,exposure,0,study,sample
u8,i43,live_room,1700000585,click,1,music,sample
u27,i88,live_room,1700000586,click,1,food,sample
u12,i100,live_room,1700000587,click,1,food,sample
u49,i106,live_room,1700000588,click,1,food,sample
u60,i71,live_room,1700000589,click,1,study,sample
u79,i34,live_room,1700000590,click,1,food,sample
u61,i37,live_room,1700000591,exposure,0,music,sample
u2,i123,live_room,1700000592,click,1,sports,sample
u6,i99,live_room,1700000593,exposure,0,sports,sample
u76,i85,live_room,1700000594,click,1,music,sample
u9,i6,live_room,1700000595,click,1,game,sample
u41,i142,live_room,1700000596,click,1,food,sample
u77,i151,live_room,1700000597,click,1,music,sample
u34,i35,live_room,1700000598,click,1,study,sample
u51,i69,live_room,1700000599,exposure,0,sports,sample
u56,i3,live_room,1700000600,click,1,sports,sample
u8,i151,live_room,1700000601,click,1,music,sample
u15,i52,live_room,1700000602,click,1,food,sample
u23,i119,live_room,1700000603,exposure,0,study,sample
u75,i80,live_room,1700000604,exposure,0,movie,sample
u28,i159,live_room,1700000605,click,1,sports,sample
u27,i40,live_room,1700000606,click,1,food,sample
u60,i158,live_room,1700000607,exposure,0,movie,sample
u27,i102,live_room,1700000608,exposure,0,game,sample
u25,i33,live_room,1700000609,exposure,0,sports,sample
u17,i48,live_room,1700000610,exposure,0,game,sample
u35,i157,live_room,1700000611,exposure,0,music,sample
u76,i43,live_room,1700000612,click,1,music,sample
u6,i90,live_room,1700000613,click,1,game,sample
u33,i65,live_room,1700000614,exposure,0,study,sample
u33,i51,live_room,1700000615,click,1,sports,sample
u42,i136,live_room,1700000616,click,1,food,sample
u8,i121,live_room,1700000617,click,1,music,sample
u78,i51,live_room,1700000618,click,1,sports,sample
u71,i43,live_room,1700000619,click,1,music,sample
u73,i90,live_room,1700000620,exposure,0,game,sample
u8,i25,live_room,1700000621,click,1,music,sample
u53,i68,live_room,1700000622,click,1,movie,sample
u50,i142,live_room,1700000623,click,1,food,sample
u47,i143,live_room,1700000624,click,1,study,sample
u71,i31,live_room,1700000625,click,1,music,sample
u15,i95,live_room,1700000626,exposure,0,study,sample
u44,i48,live_room,1700000627,click,1,game,sample
u59,i34,live_room,1700000628,click,1,food,sample
u38,i115,live_room,1700000629,click,1,music,sample
u43,i104,live_room,1700000630,click,1,movie,sample
u41,i130,live_room,1700000631,click,1,food,sample
u69,i74,live_room,1700000632,click,1,movie,sample
u14,i10,live_room,1700000633,click,1,food,sample
u12,i64,live_room,1700000634,exposure,0,food,sample
u45,i149,live_room,1700000635,exposure,0,study,sample
u42,i2,live_room,1700000636,exposure,0,movie,sample
u40,i1,live_room,1700000637,exposure,0,music,sample
u15,i144,live_room,1700000638,exposure,0,game,sample
u63,i12,live_room,1700000639,exposure,0,game,sample
u75,i98,live_room,1700000640,click,1,movie,sample
u40,i24,live_room,1700000641,click,1,game,sample
u56,i116,live_room,1700000642,exposure,0,movie,sample
u57,i78,live_room,1700000643,exposure,0,game,sample
u10,i117,live_room,1700000644,click,1,sports,sample
u30,i32,live_room,1700000645,exposure,0,movie,sample
u41,i118,live_room,1700000646,exposure,0,food,sample
u52,i60,live_room,1700000647,click,1,game,sample
u47,i98,live_room,1700000648,click,1,movie,sample
u7,i110,live_room,1700000649,click,1,movie,sample
u36,i17,live_room,1700000650,click,1,study,sample
u24,i10,live_room,1700000651,click,1,food,sample
u11,i47,live_room,1700000652,exposure,0,study,sample
u58,i83,live_room,1700000653,exposure,0,study,sample
u64,i152,live_room,1700000654,click,1,movie,sample
u28,i141,live_room,1700000655,click,1,sports,sample
u21,i26,live_room,1700000656,click,1,movie,sample
u43,i44,live_room,1700000657,click,1,movie,sample
u55,i66,live_room,1700000658,click,1,game,sample
u34,i5,live_room,1700000659,click,1,study,sample
u26,i104,live_room,1700000660,click,1,movie,sample
u36,i41,live_room,1700000661,click,1,study,sample
u61,i130,live_room,1700000662,click,1,food,sample
u16,i99,live_room,1700000663,click,1,sports,sample
u60,i53,live_room,1700000664,click,1,study,sample
u7,i125,live_room,1700000665,click,1,study,sample
u78,i96,live_room,1700000666,exposure,0,game,sample
u61,i124,live_room,1700000667,exposure,0,food,sample
u78,i159,live_room,1700000668,click,1,sports,sample
u76,i85,live_room,1700000669,click,1,music,sample
u7,i154,live_room,1700000670,click,1,food,sample
u8,i133,live_room,1700000671,click,1,music,sample
u12,i154,live_room,1700000672,click,1,food,sample
u16,i8,live_room,1700000673,click,1,movie,sample
u63,i83,live_room,1700000674,click,1,study,sample
u0,i150,live_room,1700000675,exposure,0,game,sample
u77,i37,live_room,1700000676,exposure,0,music,sample
u13,i70,live_room,1700000677,exposure,0,food,sample
u69,i62,live_room,1700000678,exposure,0,movie,sample
u18,i29,live_room,1700000679,click,1,study,sample
u32,i60,live_room,1700000680,click,1,game,sample
u36,i29,live_room,1700000681,click,1,study,sample
u40,i54,live_room,1700000682,click,1,game,sample
u36,i77,live_room,1700000683,exposure,0,study,sample
u4,i92,live_room,1700000684,exposure,0,movie,sample
u34,i53,live_room,1700000685,click,1,study,sample
u44,i18,live_room,1700000686,click,1,game,sample
u27,i20,live_room,1700000687,exposure,0,movie,sample
u18,i95,live_room,1700000688,click,1,study,sample
u54,i158,live_room,1700000689,click,1,movie,sample
u8,i85,live_room,1700000690,click,1,music,sample
u35,i96,live_room,1700000691,exposure,0,game,sample
u48,i40,live_room,1700000692,click,1,food,sample
u60,i41,live_room,1700000693,click,1,study,sample
u28,i45,live_room,1700000694,click,1,sports,sample
u33,i63,live_room,1700000695,click,1,sports,sample
u26,i14,live_room,1700000696,click,1,movie,sample
u23,i121,live_room,1700000697,exposure,0,music,sample
u3,i80,live_room,1700000698,click,1,movie,sample
u2,i123,live_room,1700000699,exposure,0,sports,sample
u38,i145,live_room,1700000700,click,1,music,sample
u57,i126,live_room,1700000701,exposure,0,game,sample
u39,i15,live_room,1700000702,exposure,0,sports,sample
u2,i15,live_room,1700000703,click,1,sports,sample
u53,i123,live_room,1700000704,exposure,0,sports,sample
u41,i136,live_room,1700000705,click,1,food,sample
u78,i69,live_room,1700000706,click,1,sports,sample
u37,i40,live_room,1700000707,click,1,food,sample
u3,i140,live_room,1700000708,exposure,0,movie,sample
u73,i66,live_room,1700000709,click,1,game,sample
u4,i68,live_room,1700000710,click,1,movie,sample
u3,i26,live_room,1700000711,click,1,movie,sample
u44,i66,live_room,1700000712,click,1,game,sample
u53,i155,live_room,1700000713,exposure,0,study,sample
u46,i134,live_room,1700000714,click,1,movie,sample
u44,i27,live_room,1700000715,exposure,0,sports,sample
u25,i42,live_room,1700000716,click,1,game,sample
u28,i90,live_room,1700000717,click,1,game,sample
u26,i95,live_room,1700000718,click,1,study,sample
u40,i78,live_room,1700000719,click,1,game,sample
u30,i18,live_room,1700000720,exposure,0,game,sample
u20,i33,live_room,1700000721,click,1,sports,sample
u26,i116,live_room,1700000722,click,1,movie,sample
u57,i16,live_room,1700000723,exposure,0,food,sample
u25,i141,live_room,1700000724,exposure,0,sports,sample
u73,i12,live_room,1700000725,exposure,0,game,sample
u52,i152,live_room,1700000726,click,1,movie,sample
u54,i74,live_room,1700000727,click,1,movie,sample
u44,i144,live_room,1700000728,click,1,game,sample
u48,i10,live_room,1700000729,click,1,food,sample
u8,i55,live_room,1700000730,click,1,music,sample
u63,i151,live_room,1700000731,exposure,0,music,sample
u39,i21,live_room,1700000732,click,1,sports,sample
u69,i86,live_room,1700000733,click,1,movie,sample
u37,i58,live_room,1700000734,click,1,food,sample
u15,i34,live_room,1700000735,click,1,food,sample
u26,i62,live_room,1700000736,click,1,movie,sample
u79,i124,live_room,1700000737,click,1,food,sample
u21,i158,live_room,1700000738,exposure,0,movie,sample
u72,i128,live_room,1700000739,click,1,movie,sample
u79,i111,live_room,1700000740,exposure,0,sports,sample
u1,i16,live_room,1700000741,click,1,food,sample
u56,i123,live_room,1700000742,click,1,sports,sample
u66,i137,live_room,1700000743,click,1,study,sample
u35,i120,live_room,1700000744,exposure,0,game,sample
u3,i2,live_room,1700000745,click,1,movie,sample
u12,i136,live_room,1700000746,click,1,food,sample
u1,i28,live_room,1700000747,click,1,food,sample
u24,i34,live_room,1700000748,exposure,0,food,sample
u56,i123,live_room,1700000749,click,1,sports,sample
u15,i154,live_room,1700000750,click,1,food,sample
u17,i48,live_room,1700000751,click,1,game,sample
u5,i113,live_room,1700000752,click,1,study,sample
u76,i116,live_room,1700000753,exposure,0,movie,sample
u16,i75,live_room,1700000754,click,1,sports,sample
u7,i52,live_room,1700000755,click,1,food,sample
u23,i95,live_room,1700000756,exposure,0,study,sample
u66,i17,live_room,1700000757,click,1,study,sample
u60,i59,live_room,1700000758,click,1,study,sample
u8,i121,live_room,1700000759,exposure,0,music,sample
u67,i2,live_room,1700000760,click,1,movie,sample
u59,i16,live_room,1700000761,exposure,0,food,sample
u26,i32,live_room,1700000762,click,1,movie,sample
u33,i81,live_room,1700000763,click,1,sports,sample
u25,i135,live_room,1700000764,click,1,sports,sample
u7,i110,live_room,1700000765,exposure,0,movie,sample
u44,i90,live_room,1700000766,click,1,game,sample
u55,i11,live_room,1700000767,exposure,0,study,sample
u0,i114,live_room,1700000768,exposure,0,game,sample
u56,i135,live_room,1700000769,click,1,sports,sample
u71,i9,live_room,1700000770,click,1,sports,sample
u37,i88,live_room,1700000771,click,1,food,sample
u70,i76,live_room,1700000772,exposure,0,food,sample
u32,i24,live_room,1700000773,click,1,game,sample
u23,i76,live_room,1700000774,exposure,0,food,sample
u73,i108,live_room,1700000775,click,1,game,sample
u4,i56,live_room,1700000776,click,1,movie,sample
u34,i53,live_room,1700000777,click,1,study,sample
u69,i56,live_room,1700000778,exposure,0,movie,sample
u16,i99,live_room,1700000779,click,1,sports,sample
u77,i133,live_room,1700000780,click,1,music,sample
u45,i5,live_room,1700000781,click,1,study,sample
u14,i154,live_room,1700000782,click,1,food,sample
u8,i7,live_room,1700000783,click,1,music,sample
u67,i56,live_room,1700000784,click,1,movie,sample
u15,i154,live_room,1700000785,click,1,food,sample
u40,i18,live_room,1700000786,click,1,game,sample
u17,i126,live_room,1700000787,exposure,0,game,sample
u31,i127,live_room,1700000788,click,1,music,sample
u59,i46,live_room,1700000789,exposure,0,food,sample
u43,i109,live_room,1700000790,exposure,0,music,sample
u15,i82,live_room,1700000791,click,1,food,sample
u31,i37,live_room,1700000792,click,1,music,sample
u68,i150,live_room,1700000793,click,1,game,sample
u60,i119,live_room,1700000794,exposure,0,study,sample
u74,i112,live_room,1700000795,click,1,food,sample
u67,i101,live_room,1700000796,exposure,0,study,sample
u71,i115,live_room,1700000797,click,1,music,sample
u73,i111,live_room,1700000798,exposure,0,sports,sample
u15,i106,live_room,1700000799,click,1,food,sample
u30,i158,live_room,1700000800,click,1,movie,sample
u55,i84,live_room,1700000801,click,1,game,sample
u4,i8,live_room,1700000802,click,1,movie,sample
u60,i95,live_room,1700000803,click,1,study,sample
u15,i102,live_room,1700000804,exposure,0,game,sample
u75,i86,live_room,1700000805,click,1,movie,sample
u8,i43,live_room,1700000806,exposure,0,music,sample
u44,i108,live_room,1700000807,click,1,game,sample
u14,i35,live_room,1700000808,exposure,0,study,sample
u30,i98,live_room,1700000809,click,1,movie,sample
u58,i71,live_room,1700000810,exposure,0,study,sample
u29,i86,live_room,1700000811,click,1,movie,sample
u62,i20,live_room,1700000812,click,1,movie,sample
u73,i150,live_room,1700000813,click,1,game,sample
u75,i14,live_room,1700000814,click,1,movie,sample
u68,i61,live_room,1700000815,exposure,0,music,sample
u45,i17,live_room,1700000816,exposure,0,study,sample
u14,i64,live_room,1700000817,exposure,0,food,sample
u74,i136,live_room,1700000818,click,1,food,sample
u51,i33,live_room,1700000819,exposure,0,sports,sample
u15,i4,live_room,1700000820,exposure,0,food,sample
u39,i135,live_room,1700000821,click,1,sports,sample
u47,i150,live_room,1700000822,exposure,0,game,sample
u62,i104,live_room,1700000823,click,1,movie,sample
u69,i20,live_room,1700000824,click,1,movie,sample
u25,i135,live_room,1700000825,click,1,sports,sample
u73,i84,live_room,1700000826,click,1,game,sample
u31,i91,live_room,1700000827,click,1,music,sample
u23,i143,live_room,1700000828,exposure,0,study,sample
u3,i144,live_room,1700000829,exposure,0,game,sample
u43,i98,live_room,1700000830,click,1,movie,sample
u42,i2,live_room,1700000831,exposure,0,movie,sample
u13,i124,live_room,1700000832,click,1,food,sample
u64,i80,live_room,1700000833,click,1,movie,sample
u41,i52,live_room,1700000834,click,1,food,sample
u70,i60,live_room,1700000835,click,1,game,sample
u49,i52,live_room,1700000836,click,1,food,sample
u19,i80,live_room,1700000837,exposure,0,movie,sample
u26,i44,live_room,1700000838,click,1,movie,sample
u19,i44,live_room,1700000839,click,1,movie,sample
u65,i97,live_room,1700000840,click,1,music,sample
u19,i80,live_room,1700000841,click,1,movie,sample
u38,i7,live_room,1700000842,click,1,music,sample
u6,i156,live_room,1700000843,click,1,game,sample
u51,i120,live_room,1700000844,exposure,0,game,sample
u12,i100,live_room,1700000845,exposure,0,food,sample
u74,i19,live_room,1700000846,click,1,music,sample
u22,i133,live_room,1700000847,click,1,music,sample
u28,i3,live_room,1700000848,click,1,sports,sample
u16,i27,live_room,1700000849,click,1,sports,sample
u68,i122,live_room,1700000850,exposure,0,movie,sample
u69,i20,live_room,1700000851,exposure,0,movie,sample
u39,i15,live_room,1700000852,exposure,0,sports,sample
u45,i149,live_room,1700000853,click,1,study,sample
u41,i73,live_room,1700000854,click,1,music,sample
u8,i19,live_room,1700000855,click,1,music,sample
u62,i104,live_room,1700000856,exposure,0,movie,sample
u73,i132,live_room,1700000857,click,1,game,sample
u6,i42,live_room,1700000858,click,1,game,sample
u30,i137,live_room,1700000859,exposure,0,study,sample
u28,i140,live_room,1700000860,click,1,movie,sample
u46,i152,live_room,1700000861,click,1,movie,sample
u57,i90,live_room,1700000862,click,1,game,sample
u53,i38,live_room,1700000863,click,1,movie,sample
u66,i143,live_room,1700000864,click,1,study,sample
u14,i70,live_room,1700000865,click,1,food,sample
u19,i134,live_room,1700000866,click,1,movie,sample
u66,i119,live_room,1700000867,exposure,0,study,sample
u21,i46,live_room,1700000868,exposure,0,food,sample
u73,i126,live_room,1700000869,exposure,0,game,sample
u5,i155,live_room,1700000870,click,1,study,sample
u31,i121,live_room,1700000871,exposure,0,music,sample
u16,i63,live_room,1700000872,click,1,sports,sample
u61,i36,live_room,1700000873,exposure,0,game,sample
u72,i62,live_room,1700000874,click,1,movie,sample
u45,i128,live_room,1700000875,click,1,movie,sample
u59,i88,live_room,1700000876,click,1,food,sample
u45,i71,live_room,1700000877,click,1,study,sample
u24,i94,live_room,1700000878,click,1,food,sample
u62,i130,live_room,1700000879,exposure,0,food,sample
u52,i128,live_room,1700000880,click,1,movie,sample
u6,i90,live_room,1700000881,click,1,game,sample
u28,i39,live_room,1700000882,click,1,sports,sample
u38,i81,live_room,1700000883,exposure,0,sports,sample
u4,i140,live_room,1700000884,exposure,0,movie,sample
u14,i26,live_room,1700000885,click,1,movie,sample
u75,i62,live_room,1700000886,exposure,0,movie,sample
u53,i86,live_room,1700000887,click,1,movie,sample
u44,i114,live_room,1700000888,exposure,0,game,sample
u24,i34,live_room,1700000889,click,1,food,sample
u64,i158,live_room,1700000890,click,1,movie,sample
u66,i22,live_room,1700000891,click,1,food,sample
u26,i80,live_room,1700000892,click,1,movie,sample
u33,i93,live_room,1700000893,click,1,sports,sample
u20,i57,live_room,1700000894,click,1,sports,sample
u20,i118,live_room,1700000895,click,1,food,sample
u12,i62,live_room,1700000896,click,1,movie,sample
u56,i51,live_room,1700000897,click,1,sports,sample
u44,i42,live_room,1700000898,click,1,game,sample
u4,i86,live_room,1700000899,click,1,movie,sample
u79,i14,live_room,1700000900,click,1,movie,sample
u17,i120,live_room,1700000901,click,1,game,sample
u14,i34,live_room,1700000902,click,1,food,sample
u79,i4,live_room,1700000903,click,1,food,sample
u42,i130,live_room,1700000904,exposure,0,food,sample
u32,i127,live_room,1700000905,exposure,0,music,sample
u42,i106,live_room,1700000906,click,1,food,sample
u60,i143,live_room,1700000907,click,1,study,sample
u2,i11,live_room,1700000908,exposure,0,study,sample
u7,i108,live_room,1700000909,exposure,0,game,sample
u22,i25,live_room,1700000910,exposure,0,music,sample
u12,i7,live_room,1700000911,exposure,0,music,sample
u52,i104,live_room,1700000912,click,1,movie,sample
u42,i22,live_room,1700000913,click,1,food,sample
u7,i100,live_room,1700000914,click,1,food,sample
u60,i107,live_room,1700000915,click,1,study,sample
u46,i152,live_room,1700000916,exposure,0,movie,sample
u56,i12,live_room,1700000917,exposure,0,game,sample
u64,i134,live_room,1700000918,click,1,movie,sample
u68,i54,live_room,1700000919,click,1,game,sample
u26,i158,live_room,1700000920,click,1,movie,sample
u36,i95,live_room,1700000921,click,1,study,sample
u51,i52,live_room,1700000922,click,1,food,sample
u72,i26,live_room,1700000923,exposure,0,movie,sample
u16,i111,live_room,1700000924,click,1,sports,sample
u38,i91,live_room,1700000925,click,1,music,sample
u20,i69,live_room,1700000926,exposure,0,sports,sample
u53,i110,live_room,1700000927,exposure,0,movie,sample
u77,i156,live_room,1700000928,exposure,0,game,sample
u19,i35,live_room,1700000929,exposure,0,study,sample
u10,i33,live_room,1700000930,click,1,sports,sample
u16,i135,live_room,1700000931,click,1,sports,sample
u76,i103,live_room,1700000932,click,1,music,sample
u48,i7,live_room,1700000933,exposure,0,music,sample
u43,i68,live_room,1700000934,click,1,movie,sample
u29,i92,live_room,1700000935,click,1,movie,sample
u6,i120,live_room,1700000936,click,1,game,sample
u22,i69,live_room,1700000937,exposure,0,sports,sample
u42,i121,live_room,1700000938,exposure,0,music,sample
u76,i69,live_room,1700000939,exposure,0,sports,sample
u78,i69,live_room,1700000940,click,1,sports,sample
u41,i16,live_room,1700000941,click,1,food,sample
u67,i68,live_room,1700000942,exposure,0,movie,sample
u17,i0,live_room,1700000943,click,1,game,sample
u1,i4,live_room,1700000944,click,1,food,sample
u70,i34,live_room,1700000945,click,1,food,sample
u26,i86,live_room,1700000946,click,1,movie,sample
u15,i16,live_room,1700000947,click,1,food,sample
u37,i88,live_room,1700000948,click,1,food,sample
u39,i153,live_room,1700000949,click,1,sports,sample
u15,i23,live_room,1700000950,exposure,0,study,sample
u51,i97,live_room,1700000951,click,1,music,sample
u31,i157,live_room,1700000952,click,1,music,sample
u45,i65,live_room,1700000953,exposure,0,study,sample
u24,i23,live_room,1700000954,exposure,0,study,sample
u53,i103,live_room,1700000955,click,1,music,sample
u32,i144,live_room,1700000956,click,1,game,sample
u69,i26,live_room,1700000957,click,1,movie,sample
u9,i72,live_room,1700000958,click,1,game,sample
u20,i141,live_room,1700000959,click,1,sports,sample
u62,i158,live_room,1700000960,click,1,movie,sample
u9,i108,live_room,1700000961,click,1,game,sample
u20,i111,live_room,1700000962,click,1,sports,sample
u27,i112,live_room,1700000963,click,1,food,sample
u73,i90,live_room,1700000964,exposure,0,game,sample
u62,i74,live_room,1700000965,click,1,movie,sample
u73,i36,live_room,1700000966,exposure,0,game,sample
u66,i35,live_room,1700000967,click,1,study,sample
u53,i44,live_room,1700000968,click,1,movie,sample
u43,i127,live_room,1700000969,exposure,0,music,sample
u74,i24,live_room,1700000970,click,1,game,sample
u37,i142,live_room,1700000971,click,1,food,sample
u55,i24,live_room,1700000972,click,1,game,sample
u54,i146,live_room,1700000973,exposure,0,movie,sample
u72,i14,live_room,1700000974,click,1,movie,sample
u74,i88,live_room,1700000975,click,1,food,sample
u12,i88,live_room,1700000976,click,1,food,sample
u15,i100,live_room,1700000977,exposure,0,food,sample
u74,i80,live_room,1700000978,exposure,0,movie,sample
u54,i116,live_room,1700000979,exposure,0,movie,sample
u13,i94,live_room,1700000980,click,1,food,sample
u57,i96,live_room,1700000981,click,1,game,sample
u39,i9,live_room,1700000982,click,1,sports,sample
u16,i97,live_room,1700000983,exposure,0,music,sample
u11,i53,live_room,1700000984,click,1,study,sample
u3,i74,live_room,1700000985,click,1,movie,sample
u68,i156,live_room,1700000986,exposure,0,game,sample
u51,i97,live_room,1700000987,click,1,music,sample
u5,i13,live_room,1700000988,exposure,0,music,sample
u42,i16,live_room,1700000989,click,1,food,sample
u20,i46,live_room,1700000990,exposure,0,food,sample
u35,i108,live_room,1700000991,click,1,game,sample
u61,i148,live_room,1700000992,click,1,food,sample
u34,i41,live_room,1700000993,click,1,study,sample
u47,i77,live_room,1700000994,click,1,study,sample
u33,i21,live_room,1700000995,exposure,0,sports,sample
u0,i96,live_room,1700000996,click,1,game,sample
u30,i8,live_room,1700000997,click,1,movie,sample
u11,i155,live_room,1700000998,click,1,study,sample
u72,i2,live_room,1700000999,click,1,movie,sample
u71,i60,live_room,1700001000,exposure,0,game,sample
u35,i71,live_room,1700001001,exposure,0,study,sample
u14,i70,live_room,1700001002,exposure,0,food,sample
u63,i39,live_room,1700001003,click,1,sports,sample
u65,i103,live_room,1700001004,exposure,0,music,sample
u69,i80,live_room,1700001005,click,1,movie,sample
u67,i32,live_room,1700001006,click,1,movie,sample
u64,i68,live_room,1700001007,exposure,0,movie,sample
u25,i63,live_room,1700001008,click,1,sports,sample
u52,i29,live_room,1700001009,exposure,0,study,sample
u25,i2,live_room,1700001010,exposure,0,movie,sample
u43,i115,live_room,1700001011,exposure,0,music,sample
u52,i56,live_room,1700001012,click,1,movie,sample
u61,i40,live_room,1700001013,click,1,food,sample
u19,i105,live_room,1700001014,exposure,0,sports,sample
u43,i50,live_room,1700001015,click,1,movie,sample
u59,i87,live_room,1700001016,exposure,0,sports,sample
u13,i146,live_room,1700001017,exposure,0,movie,sample
u10,i75,live_room,1700001018,click,1,sports,sample
u25,i63,live_room,1700001019,click,1,sports,sample
u75,i152,live_room,1700001020,exposure,0,movie,sample
u56,i123,live_room,1700001021,click,1,sports,sample
u46,i50,live_room,1700001022,click,1,movie,sample
u1,i148,live_room,1700001023,click,1,food,sample
u30,i116,live_room,1700001024,click,1,movie,sample
u38,i103,live_room,1700001025,click,1,music,sample
u64,i44,live_room,1700001026,click,1,movie,sample
u73,i48,live_room,1700001027,click,1,game,sample
u4,i32,live_room,1700001028,click,1,movie,sample
u20,i21,live_room,1700001029,exposure,0,sports,sample
u9,i68,live_room,1700001030,click,1,movie,sample
u55,i6,live_room,1700001031,exposure,0,game,sample
u45,i131,live_room,1700001032,click,1,study,sample
u3,i62,live_room,1700001033,click,1,movie,sample
u37,i154,live_room,1700001034,exposure,0,food,sample
u32,i102,live_room,1700001035,exposure,0,game,sample
u11,i137,live_room,1700001036,click,1,study,sample
u13,i94,live_room,1700001037,click,1,food,sample
u31,i31,live_room,1700001038,click,1,music,sample
u68,i9,live_room,1700001039,exposure,0,sports,sample
u62,i157,live_room,1700001040,click,1,music,sample
u4,i116,live_room,1700001041,click,1,movie,sample
u18,i17,live_room,1700001042,click,1,study,sample
u64,i96,live_room,1700001043,exposure,0,game,sample
u13,i113,live_room,1700001044,exposure,0,study,sample
u27,i6,live_room,1700001045,exposure,0,game,sample
u55,i0,live_room,1700001046,exposure,0,game,sample
u60,i41,live_room,1700001047,click,1,study,sample
u2,i9,live_room,1700001048,click,1,sports,sample
u11,i137,live_room,1700001049,click,1,study,sample
u23,i35,live_room,1700001050,click,1,study,sample
u38,i109,live_room,1700001051,click,1,music,sample
u20,i87,live_room,1700001052,click,1,sports,sample
u45,i149,live_room,1700001053,exposure,0,study,sample
u65,i145,live_room,1700001054,exposure,0,music,sample
u67,i68,live_room,1700001055,click,1,movie,sample
u16,i15,live_room,1700001056,click,1,sports,sample
u13,i112,live_room,1700001057,exposure,0,food,sample
u53,i23,live_room,1700001058,exposure,0,study,sample
u48,i4,live_room,1700001059,click,1,food,sample
u66,i43,live_room,1700001060,exposure,0,music,sample
u23,i113,live_room,1700001061,click,1,study,sample
u78,i111,live_room,1700001062,click,1,sports,sample
u27,i76,live_room,1700001063,click,1,food,sample
u10,i81,live_room,1700001064,click,1,sports,sample
u1,i21,live_room,1700001065,exposure,0,sports,sample
u19,i56,live_room,1700001066,exposure,0,movie,sample
u75,i90,live_room,1700001067,exposure,0,game,sample
u10,i21,live_room,1700001068,click,1,sports,sample
u22,i128,live_room,1700001069,exposure,0,movie,sample
u9,i156,live_room,1700001070,click,1,game,sample
u75,i80,live_room,1700001071,click,1,movie,sample
u7,i16,live_room,1700001072,click,1,food,sample
u15,i10,live_room,1700001073,click,1,food,sample
u23,i11,live_room,1700001074,click,1,study,sample
u5,i35,live_room,1700001075,click,1,study,sample
u27,i148,live_room,1700001076,exposure,0,food,sample
u25,i99,live_room,1700001077,click,1,sports,sample
u45,i112,live_room,1700001078,exposure,0,food,sample
u33,i87,live_room,1700001079,click,1,sports,sample
u50,i106,live_room,1700001080,click,1,food,sample
u8,i13,live_room,1700001081,click,1,music,sample
u2,i99,live_room,1700001082,click,1,sports,sample
u10,i69,live_room,1700001083,click,1,sports,sample
u58,i94,live_room,1700001084,click,1,food,sample
u0,i154,live_room,1700001085,exposure,0,food,sample
u68,i72,live_room,1700001086,exposure,0,game,sample
u38,i49,live_room,1700001087,exposure,0,music,sample
u6,i114,live_room,1700001088,click,1,game,sample
u16,i3,live_room,1700001089,click,1,sports,sample
u9,i149,live_room,1700001090,exposure,0,study,sample
u62,i98,live_room,1700001091,click,1,movie,sample
u15,i118,live_room,1700001092,click,1,food,sample
u63,i53,live_room,1700001093,click,1,study,sample
u63,i113,live_room,1700001094,exposure,0,study,sample
u16,i135,live_room,1700001095,exposure,0,sports,sample
u70,i82,live_room,1700001096,exposure,0,food,sample
u38,i43,live_room,1700001097,click,1,music,sample
u36,i59,live_room,1700001098,click,1,study,sample
u45,i137,live_room,1700001099,click,1,study,sample
u15,i54,live_room,1700001100,click,1,game,sample
u15,i16,live_room,1700001101,click,1,food,sample
u66,i125,live_room,1700001102,click,1,study,sample
u26,i62,live_room,1700001103,click,1,movie,sample
u71,i7,live_room,1700001104,click,1,music,sample
u23,i59,live_room,1700001105,click,1,study,sample
u45,i107,live_room,1700001106,click,1,study,sample
u14,i58,live_room,1700001107,click,1,food,sample
u10,i51,live_room,1700001108,click,1,sports,sample
u26,i104,live_room,1700001109,click,1,movie,sample
u0,i144,live_room,1700001110,exposure,0,game,sample
u0,i24,live_room,1700001111,click,1,game,sample
u48,i1,live_room,1700001112,exposure,0,music,sample
u23,i149,live_room,1700001113,exposure,0,study,sample
u38,i145,live_room,1700001114,click,1,music,sample
u44,i108,live_room,1700001115,exposure,0,game,sample
u41,i70,live_room,1700001116,click,1,food,sample
u31,i111,live_room,1700001117,click,1,sports,sample
u19,i118,live_room,1700001118,click,1,food,sample
u58,i16,live_room,1700001119,click,1,food,sample
u68,i11,live_room,1700001120,exposure,0,study,sample
u39,i145,live_room,1700001121,exposure,0,music,sample
u32,i78,live_room,1700001122,click,1,game,sample
u57,i12,live_room,1700001123,click,1,game,sample
u43,i80,live_room,1700001124,click,1,movie,sample
u49,i40,live_room,1700001125,click,1,food,sample
u57,i9,live_room,1700001126,exposure,0,sports,sample
u39,i57,live_room,1700001127,click,1,sports,sample
u27,i28,live_room,1700001128,click,1,food,sample
u69,i140,live_room,1700001129,exposure,0,movie,sample
u58,i88,live_room,1700001130,exposure,0,food,sample
u35,i36,live_room,1700001131,click,1,game,sample
u79,i52,live_room,1700001132,click,1,food,sample
u47,i95,live_room,1700001133,click,1,study,sample
u3,i8,live_room,1700001134,exposure,0,movie,sample
u11,i53,live_room,1700001135,click,1,study,sample
u21,i52,live_room,1700001136,exposure,0,food,sample
u65,i91,live_room,1700001137,click,1,music,sample
u12,i158,live_room,1700001138,exposure,0,movie,sample
u15,i142,live_room,1700001139,click,1,food,sample
u20,i72,live_room,1700001140,click,1,game,sample
u30,i46,live_room,1700001141,exposure,0,food,sample
u5,i101,live_room,1700001142,click,1,study,sample
u63,i155,live_room,1700001143,click,1,study,sample
u63,i89,live_room,1700001144,click,1,study,sample
u55,i69,live_room,1700001145,exposure,0,sports,sample
u13,i148,live_room,1700001146,click,1,food,sample
u27,i112,live_room,1700001147,exposure,0,food,sample
u43,i111,live_room,1700001148,exposure,0,sports,sample
u24,i118,live_room,1700001149,click,1,food,sample
u23,i95,live_room,1700001150,exposure,0,study,sample
u42,i94,live_room,1700001151,click,1,food,sample
u18,i114,live_room,1700001152,exposure,0,game,sample
u33,i141,live_room,1700001153,click,1,sports,sample
u30,i2,live_room,1700001154,click,1,movie,sample
u2,i93,live_room,1700001155,click,1,sports,sample
u48,i106,live_room,1700001156,exposure,0,food,sample
u48,i113,live_room,1700001157,exposure,0,study,sample
u35,i147,live_room,1700001158,exposure,0,sports,sample
u67,i26,live_room,1700001159,click,1,movie,sample
u42,i83,live_room,1700001160,click,1,study,sample
u47,i59,live_room,1700001161,click,1,study,sample
u54,i14,live_room,1700001162,exposure,0,movie,sample
u77,i79,live_room,1700001163,click,1,music,sample
u2,i75,live_room,1700001164,click,1,sports,sample
u23,i125,live_room,1700001165,click,1,study,sample
u64,i26,live_room,1700001166,exposure,0,movie,sample
u58,i87,live_room,1700001167,click,1,sports,sample
u10,i51,live_room,1700001168,click,1,sports,sample
u77,i157,live_room,1700001169,exposure,0,music,sample
u36,i137,live_room,1700001170,click,1,study,sample
u11,i83,live_room,1700001171,click,1,study,sample
u75,i79,live_room,1700001172,exposure,0,music,sample
u34,i83,live_room,1700001173,click,1,study,sample
u6,i144,live_room,1700001174,exposure,0,game,sample
u25,i129,live_room,1700001175,exposure,0,sports,sample
u45,i131,live_room,1700001176,click,1,study,sample
u79,i22,live_room,1700001177,click,1,food,sample
u22,i49,live_room,1700001178,exposure,0,music,sample
u33,i41,live_room,1700001179,click,1,study,sample
u3,i122,live_room,1700001180,exposure,0,movie,sample
u47,i115,live_room,1700001181,exposure,0,music,sample
u79,i64,live_room,1700001182,click,1,food,sample
u31,i46,live_room,1700001183,exposure,0,food,sample
u18,i125,live_room,1700001184,click,1,study,sample
u38,i159,live_room,1700001185,exposure,0,sports,sample
u24,i148,live_room,1700001186,click,1,food,sample
u21,i20,live_room,1700001187,click,1,movie,sample
u35,i150,live_room,1700001188,click,1,game,sample
u19,i38,live_room,1700001189,click,1,movie,sample
u28,i105,live_room,1700001190,click,1,sports,sample
u1,i142,live_room,1700001191,click,1,food,sample
u35,i54,live_room,1700001192,click,1,game,sample
u22,i157,live_room,1700001193,click,1,music,sample
u58,i72,live_room,1700001194,exposure,0,game,sample
u27,i89,live_room,1700001195,exposure,0,study,sample
u73,i102,live_room,1700001196,click,1,game,sample
u60,i155,live_room,1700001197,click,1,study,sample
u37,i94,live_room,1700001198,exposure,0,food,sample
u5,i34,live_room,1700001199,exposure,0,food,sample
u51,i43,live_room,1700001200,click,1,music,sample
u52,i26,live_room,1700001201,click,1,movie,sample
u22,i55,live_room,1700001202,click,1,music,sample
u34,i137,live_room,1700001203,click,1,study,sample
u72,i50,live_room,1700001204,click,1,movie,sample
u69,i14,live_room,1700001205,click,1,movie,sample
u53,i140,live_room,1700001206,click,1,movie,sample
u73,i145,live_room,1700001207,exposure,0,music,sample
u31,i37,live_room,1700001208,click,1,music,sample
u26,i20,live_room,1700001209,click,1,movie,sample
u70,i58,live_room,1700001210,click,1,food,sample
u2,i55,live_room,1700001211,exposure,0,music,sample
u29,i50,live_room,1700001212,click,1,movie,sample
u70,i8,live_room,1700001213,click,1,movie,sample
u79,i70,live_room,1700001214,click,1,food,sample
u60,i17,live_room,1700001215,exposure,0,study,sample
u48,i94,live_room,1700001216,click,1,food,sample
u18,i95,live_room,1700001217,click,1,study,sample
u19,i122,live_room,1700001218,click,1,movie,sample
u47,i11,live_room,1700001219,click,1,study,sample
u59,i136,live_room,1700001220,click,1,food,sample
u78,i111,live_room,1700001221,click,1,sports,sample
u52,i50,live_room,1700001222,click,1,movie,sample
u70,i117,live_room,1700001223,exposure,0,sports,sample
u76,i158,live_room,1700001224,exposure,0,movie,sample
u71,i133,live_room,1700001225,exposure,0,music,sample
u64,i152,live_room,1700001226,click,1,movie,sample
u45,i82,live_room,1700001227,exposure,0,food,sample
u57,i131,live_room,1700001228,exposure,0,study,sample
u48,i40,live_room,1700001229,click,1,food,sample
u43,i149,live_room,1700001230,exposure,0,study,sample
u52,i92,live_room,1700001231,exposure,0,movie,sample
u17,i40,live_room,1700001232,exposure,0,food,sample
u63,i71,live_room,1700001233,click,1,study,sample
u2,i141,live_room,1700001234,click,1,sports,sample
u8,i115,live_room,1700001235,exposure,0,music,sample
u61,i52,live_room,1700001236,click,1,food,sample
u59,i82,live_room,1700001237,click,1,food,sample
u50,i76,live_room,1700001238,click,1,food,sample
u22,i44,live_room,1700001239,click,1,movie,sample
u12,i154,live_room,1700001240,click,1,food,sample
u25,i39,live_room,1700001241,click,1,sports,sample
u66,i83,live_room,1700001242,click,1,study,sample
u23,i100,live_room,1700001243,exposure,0,food,sample
u32,i108,live_room,1700001244,exposure,0,game,sample
u28,i81,live_room,1700001245,click,1,sports,sample
u64,i121,live_room,1700001246,click,1,music,sample
u39,i133,live_room,1700001247,click,1,music,sample
u28,i83,live_room,1700001248,exposure,0,study,sample
u42,i22,live_room,1700001249,click,1,food,sample
u1,i34,live_room,1700001250,click,1,food,sample
u66,i23,live_room,1700001251,click,1,study,sample
u43,i103,live_room,1700001252,exposure,0,music,sample
u1,i46,live_room,1700001253,click,1,food,sample
u6,i48,live_room,1700001254,click,1,game,sample
u4,i26,live_room,1700001255,click,1,movie,sample
u49,i149,live_room,1700001256,exposure,0,study,sample
u67,i20,live_room,1700001257,click,1,movie,sample
u57,i66,live_room,1700001258,click,1,game,sample
u6,i42,live_room,1700001259,exposure,0,game,sample
u50,i118,live_room,1700001260,click,1,food,sample
u44,i4,live_room,1700001261,exposure,0,food,sample
u22,i43,live_room,1700001262,exposure,0,music,sample
u50,i100,live_room,1700001263,click,1,food,sample
u62,i68,live_room,1700001264,click,1,movie,sample
u6,i66,live_room,1700001265,click,1,game,sample
u60,i125,live_room,1700001266,click,1,study,sample
u68,i102,live_room,1700001267,click,1,game,sample
u3,i152,live_room,1700001268,click,1,movie,sample
u51,i115,live_room,1700001269,click,1,music,sample
u42,i70,live_room,1700001270,click,1,food,sample
u67,i62,live_room,1700001271,click,1,movie,sample
u30,i128,live_room,1700001272,click,1,movie,sample
u34,i17,live_room,1700001273,click,1,study,sample
u70,i106,live_room,1700001274,exposure,0,food,sample
u44,i48,live_room,1700001275,click,1,game,sample
u13,i100,live_room,1700001276,click,1,food,sample
u67,i32,live_room,1700001277,click,1,movie,sample
u46,i158,live_room,1700001278,click,1,movie,sample
u12,i148,live_room,1700001279,click,1,food,sample
u28,i114,live_room,1700001280,exposure,0,game,sample
u70,i74,live_room,1700001281,click,1,movie,sample
u46,i157,live_room,1700001282,exposure,0,music,sample
u33,i39,live_room,1700001283,click,1,sports,sample
u38,i79,live_room,1700001284,exposure,0,music,sample
u75,i98,live_room,1700001285,click,1,movie,sample
u69,i20,live_room,1700001286,click,1,movie,sample
u58,i130,live_room,1700001287,click,1,food,sample
u8,i61,live_room,1700001288,click,1,music,sample
u36,i137,live_room,1700001289,click,1,study,sample
u12,i82,live_room,1700001290,exposure,0,food,sample
u22,i61,live_room,1700001291,click,1,music,sample
u32,i84,live_room,1700001292,click,1,game,sample
u61,i70,live_room,1700001293,exposure,0,food,sample
u13,i55,live_room,1700001294,click,1,music,sample
u25,i93,live_room,1700001295,exposure,0,sports,sample
u7,i22,live_room,1700001296,exposure,0,food,sample
u63,i95,live_room,1700001297,click,1,study,sample
u48,i76,live_room,1700001298,click,1,food,sample
u23,i101,live_room,1700001299,click,1,study,sample
u28,i9,live_room,1700001300,click,1,sports,sample
u25,i99,live_room,1700001301,exposure,0,sports,sample
u25,i33,live_room,1700001302,exposure,0,sports,sample
u68,i42,live_room,1700001303,exposure,0,game,sample
u50,i148,live_room,1700001304,click,1,food,sample
u3,i94,live_room,1700001305,exposure,0,food,sample
u53,i14,live_room,1700001306,click,1,movie,sample
u42,i22,live_room,1700001307,click,1,food,sample
u74,i52,live_room,1700001308,click,1,food,sample
u53,i26,live_room,1700001309,click,1,movie,sample
u50,i148,live_room,1700001310,click,1,food,sample
u57,i30,live_room,1700001311,click,1,game,sample
u72,i8,live_room,1700001312,click,1,movie,sample
u77,i103,live_room,1700001313,click,1,music,sample
u4,i92,live_room,1700001314,click,1,movie,sample
u17,i6,live_room,1700001315,click,1,game,sample
u5,i158,live_room,1700001316,exposure,0,movie,sample
u43,i68,live_room,1700001317,click,1,movie,sample
u0,i36,live_room,1700001318,click,1,game,sample
u67,i74,live_room,1700001319,click,1,movie,sample
u51,i115,live_room,1700001320,exposure,0,music,sample
u33,i39,live_room,1700001321,click,1,sports,sample
u5,i77,live_room,1700001322,click,1,study,sample
u19,i98,live_room,1700001323,click,1,movie,sample
u15,i148,live_room,1700001324,click,1,food,sample
u20,i87,live_room,1700001325,click,1,sports,sample
u77,i14,live_room,1700001326,click,1,movie,sample
u78,i33,live_room,1700001327,exposure,0,sports,sample
u58,i127,live_room,1700001328,exposure,0,music,sample
u55,i102,live_room,1700001329,exposure,0,game,sample
u31,i79,live_room,1700001330,click,1,music,sample
u16,i87,live_room,1700001331,click,1,sports,sample
u52,i50,live_room,1700001332,exposure,0,movie,sample
u3,i134,live_room,1700001333,click,1,movie,sample
u55,i21,live_room,1700001334,exposure,0,sports,sample
u41,i40,live_room,1700001335,click,1,food,sample
u26,i56,live_room,1700001336,exposure,0,movie,sample
u14,i106,live_room,1700001337,click,1,food,sample
u52,i132,live_room,1700001338,exposure,0,game,sample
u24,i148,live_room,1700001339,click,1,food,sample
u38,i157,live_room,1700001340,click,1,music,sample
u35,i90,live_room,1700001341,click,1,game,sample
u52,i44,live_room,1700001342,exposure,0,movie,sample
u70,i28,live_room,1700001343,click,1,food,sample
u48,i64,live_room,1700001344,click,1,food,sample
u65,i61,live_room,1700001345,click,1,music,sample
u4,i26,live_room,1700001346,click,1,movie,sample
u26,i43,live_room,1700001347,exposure,0,music,sample
u37,i86,live_room,1700001348,exposure,0,movie,sample
u1,i100,live_room,1700001349,click,1,food,sample
u38,i16,live_room,1700001350,exposure,0,food,sample
u34,i29,live_room,1700001351,click,1,study,sample
u17,i90,live_room,1700001352,click,1,game,sample
u41,i142,live_room,1700001353,click,1,food,sample
u35,i90,live_room,1700001354,exposure,0,game,sample
u54,i14,live_room,1700001355,click,1,movie,sample
u47,i143,live_room,1700001356,click,1,study,sample
u49,i132,live_room,1700001357,exposure,0,game,sample
u27,i118,live_room,1700001358,click,1,food,sample
u28,i141,live_room,1700001359,click,1,sports,sample
u56,i152,live_room,1700001360,exposure,0,movie,sample
u32,i61,live_room,1700001361,click,1,music,sample
u3,i86,live_room,1700001362,click,1,movie,sample
u41,i145,live_room,1700001363,exposure,0,music,sample
u4,i68,live_room,1700001364,click,1,movie,sample
u27,i4,live_room,1700001365,exposure,0,food,sample
u60,i113,live_room,1700001366,exposure,0,study,sample
u0,i84,live_room,1700001367,click,1,game,sample
u40,i72,live_room,1700001368,click,1,game,sample
u7,i106,live_room,1700001369,click,1,food,sample
u78,i39,live_room,1700001370,click,1,sports,sample
u37,i76,live_room,1700001371,click,1,food,sample
u32,i144,live_room,1700001372,click,1,game,sample
u18,i35,live_room,1700001373,click,1,study,sample
u42,i136,live_room,1700001374,click,1,food,sample
u2,i39,live_room,1700001375,click,1,sports,sample
u31,i85,live_room,1700001376,exposure,0,music,sample
u16,i113,live_room,1700001377,exposure,0,study,sample
u57,i126,live_room,1700001378,click,1,game,sample
u44,i156,live_room,1700001379,exposure,0,game,sample
u14,i112,live_room,1700001380,click,1,food,sample
u27,i77,live_room,1700001381,exposure,0,study,sample
u52,i14,live_room,1700001382,click,1,movie,sample
u75,i80,live_room,1700001383,click,1,movie,sample
u79,i88,live_room,1700001384,click,1,food,sample
u79,i82,live_room,1700001385,exposure,0,food,sample
u53,i26,live_room,1700001386,click,1,movie,sample
u5,i125,live_room,1700001387,click,1,study,sample
u2,i119,live_room,1700001388,click,1,study,sample
u54,i8,live_room,1700001389,click,1,movie,sample
u60,i113,live_room,1700001390,click,1,study,sample
u20,i21,live_room,1700001391,click,1,sports,sample
u6,i108,live_room,1700001392,exposure,0,game,sample
u20,i111,live_room,1700001393,click,1,sports,sample
u59,i52,live_room,1700001394,click,1,food,sample
u45,i137,live_room,1700001395,click,1,study,sample
u77,i91,live_room,1700001396,exposure,0,music,sample
u55,i5,live_room,1700001397,exposure,0,study,sample
u56,i9,live_room,1700001398,click,1,sports,sample
u64,i140,live_room,1700001399,click,1,movie,sample
u50,i125,live_room,1700001400,exposure,0,study,sample
u36,i83,live_room,1700001401,click,1,study,sample
u36,i137,live_room,1700001402,click,1,study,sample
u48,i124,live_room,1700001403,click,1,food,sample
u12,i28,live_room,1700001404,exposure,0,food,sample
u54,i8,live_room,1700001405,click,1,movie,sample
u40,i150,live_room,1700001406,exposure,0,game,sample
u58,i142,live_room,1700001407,click,1,food,sample
u74,i106,live_room,1700001408,click,1,food,sample
u39,i130,live_room,1700001409,exposure,0,food,sample
u40,i156,live_room,1700001410,click,1,game,sample
u56,i141,live_room,1700001411,click,1,sports,sample
u40,i64,live_room,1700001412,exposure,0,food,sample
u47,i113,live_room,1700001413,click,1,study,sample
u10,i99,live_room,1700001414,exposure,0,sports,sample
u74,i25,live_room,1700001415,click,1,music,sample
u46,i158,live_room,1700001416,click,1,movie,sample
u20,i9,live_room,1700001417,click,1,sports,sample
u41,i130,live_room,1700001418,click,1,food,sample
u13,i94,live_room,1700001419,click,1,food,sample
u65,i73,live_room,1700001420,exposure,0,music,sample
u25,i57,live_room,1700001421,click,1,sports,sample
u31,i85,live_room,1700001422,exposure,0,music,sample
u1,i100,live_room,1700001423,click,1,food,sample
u18,i41,live_room,1700001424,click,1,study,sample
u35,i99,live_room,1700001425,exposure,0,sports,sample
u1,i136,live_room,1700001426,exposure,0,food,sample
u72,i86,live_room,1700001427,click,1,movie,sample
u65,i31,live_room,1700001428,click,1,music,sample
u1,i118,live_room,1700001429,exposure,0,food,sample
u75,i16,live_room,1700001430,click,1,food,sample
u70,i75,live_room,1700001431,click,1,sports,sample
u20,i3,live_room,1700001432,click,1,sports,sample
u46,i128,live_room,1700001433,click,1,movie,sample
u54,i92,live_room,1700001434,click,1,movie,sample
u27,i151,live_room,1700001435,exposure,0,music,sample
u58,i83,live_room,1700001436,click,1,study,sample
u79,i10,live_room,1700001437,click,1,food,sample
u39,i147,live_room,1700001438,exposure,0,sports,sample
u41,i52,live_room,1700001439,click,1,food,sample
u56,i39,live_room,1700001440,click,1,sports,sample
u71,i156,live_room,1700001441,click,1,game,sample
u30,i74,live_room,1700001442,click,1,movie,sample
u57,i66,live_room,1700001443,click,1,game,sample
u32,i78,live_room,1700001444,click,1,game,sample
u16,i27,live_room,1700001445,click,1,sports,sample
u58,i142,live_room,1700001446,click,1,food,sample
u62,i50,live_room,1700001447,click,1,movie,sample
u8,i134,live_room,1700001448,exposure,0,movie,sample
u41,i24,live_room,1700001449,exposure,0,game,sample
u43,i32,live_room,1700001450,exposure,0,movie,sample
u19,i104,live_room,1700001451,click,1,movie,sample
u48,i28,live_room,1700001452,click,1,food,sample
u67,i124,live_room,1700001453,exposure,0,food,sample
u40,i0,live_room,1700001454,click,1,game,sample
u72,i95,live_room,1700001455,exposure,0,study,sample
u29,i140,live_room,1700001456,click,1,movie,sample
u51,i8,live_room,1700001457,click,1,movie,sample
u50,i41,live_room,1700001458,exposure,0,study,sample
u75,i2,live_room,1700001459,click,1,movie,sample
u23,i47,live_room,1700001460,click,1,study,sample
u19,i38,live_room,1700001461,click,1,movie,sample
u43,i32,live_room,1700001462,click,1,movie,sample
u22,i1,live_room,1700001463,exposure,0,music,sample
u64,i134,live_room,1700001464,click,1,movie,sample
u0,i90,live_room,1700001465,click,1,game,sample
u24,i46,live_room,1700001466,click,1,food,sample
u22,i50,live_room,1700001467,exposure,0,movie,sample
u44,i12,live_room,1700001468,click,1,game,sample
u39,i81,live_room,1700001469,click,1,sports,sample
u10,i134,live_room,1700001470,exposure,0,movie,sample
u71,i103,live_room,1700001471,click,1,music,sample
u54,i26,live_room,1700001472,click,1,movie,sample
u56,i135,live_room,1700001473,click,1,sports,sample
u28,i52,live_room,1700001474,click,1,food,sample
u69,i26,live_room,1700001475,click,1,movie,sample
u79,i154,live_room,1700001476,exposure,0,food,sample
u73,i42,live_room,1700001477,click,1,game,sample
u74,i76,live_room,1700001478,click,1,food,sample
u71,i38,live_room,1700001479,exposure,0,movie,sample
u35,i72,live_room,1700001480,click,1,game,sample
u56,i38,live_room,1700001481,exposure,0,movie,sample
u26,i122,live_room,1700001482,click,1,movie,sample
u61,i82,live_room,1700001483,exposure,0,food,sample
u16,i159,live_room,1700001484,click,1,sports,sample
u1,i58,live_room,1700001485,click,1,food,sample
u17,i136,live_room,1700001486,click,1,food,sample
u53,i74,live_room,1700001487,click,1,movie,sample
u0,i18,live_room,1700001488,click,1,game,sample
u68,i30,live_room,1700001489,exposure,0,game,sample
u60,i95,live_room,1700001490,exposure,0,study,sample
u77,i19,live_room,1700001491,click,1,music,sample
u51,i67,live_room,1700001492,click,1,music,sample
u78,i39,live_room,1700001493,click,1,sports,sample
u76,i123,live_room,1700001494,exposure,0,sports,sample
u2,i89,live_room,1700001495,exposure,0,study,sample
u67,i38,live_room,1700001496,click,1,movie,sample
u51,i49,live_room,1700001497,click,1,music,sample
u40,i78,live_room,1700001498,click,1,game,sample
u33,i141,live_room,1700001499,click,1,sports,sample
u73,i6,live_room,1700001500,exposure,0,game,sample
u54,i80,live_room,1700001501,click,1,movie,sample
u56,i159,live_room,1700001502,click,1,sports,sample
u36,i47,live_room,1700001503,click,1,study,sample
u18,i5,live_room,1700001504,click,1,study,sample
u12,i119,live_room,1700001505,exposure,0,study,sample
u31,i1,live_room,1700001506,exposure,0,music,sample
u79,i40,live_room,1700001507,click,1,food,sample
u7,i28,live_room,1700001508,click,1,food,sample
u16,i9,live_room,1700001509,click,1,sports,sample
u40,i48,live_room,1700001510,click,1,game,sample
u56,i58,live_room,1700001511,click,1,food,sample
u24,i130,live_room,1700001512,click,1,food,sample
u47,i11,live_room,1700001513,click,1,study,sample
u75,i135,live_room,1700001514,exposure,0,sports,sample
u43,i122,live_room,1700001515,exposure,0,movie,sample
u5,i103,live_room,1700001516,click,1,music,sample
u69,i79,live_room,1700001517,click,1,music,sample
u32,i33,live_room,1700001518,exposure,0,sports,sample
u17,i24,live_room,1700001519,click,1,game,sample
u36,i99,live_room,1700001520,exposure,0,sports,sample
u29,i104,live_room,1700001521,click,1,movie,sample
u75,i140,live_room,1700001522,click,1,movie,sample
u8,i155,live_room,1700001523,exposure,0,study,sample
u5,i107,live_room,1700001524,click,1,study,sample
u44,i42,live_room,1700001525,click,1,game,sample
u44,i72,live_room,1700001526,click,1,game,sample
u51,i151,live_room,1700001527,exposure,0,music,sample
u40,i12,live_room,1700001528,exposure,0,game,sample
u69,i50,live_room,1700001529,click,1,movie,sample
u29,i44,live_room,1700001530,click,1,movie,sample
u42,i46,live_room,1700001531,click,1,food,sample
u68,i54,live_room,1700001532,click,1,game,sample
u78,i33,live_room,1700001533,click,1,sports,sample
u1,i76,live_room,1700001534,click,1,food,sample
u45,i159,live_room,1700001535,click,1,sports,sample
u60,i53,live_room,1700001536,exposure,0,study,sample
u44,i126,live_room,1700001537,click,1,game,sample
u53,i66,live_room,1700001538,exposure,0,game,sample
u8,i13,live_room,1700001539,click,1,music,sample
u23,i109,live_room,1700001540,exposure,0,music,sample
u13,i16,live_room,1700001541,click,1,food,sample
u51,i127,live_room,1700001542,exposure,0,music,sample
u55,i42,live_room,1700001543,click,1,game,sample
u79,i4,live_room,1700001544,click,1,food,sample
u54,i20,live_room,1700001545,click,1,movie,sample
u56,i12,live_room,1700001546,exposure,0,game,sample
u75,i7,live_room,1700001547,exposure,0,music,sample
u61,i154,live_room,1700001548,click,1,food,sample
u22,i72,live_room,1700001549,exposure,0,game,sample
u0,i72,live_room,1700001550,click,1,game,sample
u63,i137,live_room,1700001551,click,1,study,sample
u33,i63,live_room,1700001552,click,1,sports,sample
u71,i124,live_room,1700001553,exposure,0,food,sample
u61,i52,live_room,1700001554,click,1,food,sample
u67,i50,live_room,1700001555,click,1,movie,sample
u35,i24,live_room,1700001556,click,1,game,sample
u36,i41,live_room,1700001557,exposure,0,study,sample
u35,i90,live_room,1700001558,click,1,game,sample
u33,i93,live_room,1700001559,click,1,sports,sample
u33,i75,live_room,1700001560,click,1,sports,sample
u77,i97,live_room,1700001561,click,1,music,sample
u56,i129,live_room,1700001562,click,1,sports,sample
u61,i64,live_room,1700001563,exposure,0,food,sample
u9,i54,live_room,1700001564,exposure,0,game,sample
u30,i122,live_room,1700001565,click,1,movie,sample
u27,i22,live_room,1700001566,click,1,food,sample
u1,i36,live_room,1700001567,exposure,0,game,sample
u44,i6,live_room,1700001568,click,1,game,sample
u46,i98,live_room,1700001569,click,1,movie,sample
u73,i30,live_room,1700001570,click,1,game,sample
u15,i77,live_room,1700001571,exposure,0,study,sample
u37,i66,live_room,1700001572,click,1,game,sample
u73,i150,live_room,1700001573,click,1,game,sample
u38,i145,live_room,1700001574,click,1,music,sample
u54,i44,live_room,1700001575,click,1,movie,sample
u59,i34,live_room,1700001576,click,1,food,sample
u20,i63,live_room,1700001577,click,1,sports,sample
u75,i2,live_room,1700001578,click,1,movie,sample
u37,i16,live_room,1700001579,click,1,food,sample
u44,i49,live_room,1700001580,exposure,0,music,sample
u17,i93,live_room,1700001581,exposure,0,sports,sample
u13,i51,live_room,1700001582,click,1,sports,sample
u10,i111,live_room,1700001583,click,1,sports,sample
u60,i43,live_room,1700001584,exposure,0,music,sample
u18,i29,live_room,1700001585,click,1,study,sample
u54,i134,live_room,1700001586,exposure,0,movie,sample
u12,i34,live_room,1700001587,click,1,food,sample
u37,i130,live_room,1700001588,exposure,0,food,sample
u58,i94,live_room,1700001589,click,1,food,sample
u14,i82,live_room,1700001590,click,1,food,sample
u31,i151,live_room,1700001591,click,1,music,sample
u17,i36,live_room,1700001592,click,1,game,sample
u72,i86,live_room,1700001593,click,1,movie,sample
u37,i106,live_room,1700001594,click,1,food,sample
u23,i65,live_room,1700001595,click,1,study,sample
u67,i125,live_room,1700001596,exposure,0,study,sample
u7,i46,live_room,1700001597,click,1,food,sample
u14,i53,live_room,1700001598,click,1,study,sample
u32,i0,live_room,1700001599,click,1,game,sample
u1,i136,live_room,1700001600,click,1,food,sample
u55,i66,live_room,1700001601,click,1,game,sample
u47,i23,live_room,1700001602,click,1,study,sample
u59,i124,live_room,1700001603,click,1,food,sample
u5,i125,live_room,1700001604,click,1,study,sample
u10,i153,live_room,1700001605,click,1,sports,sample
u49,i4,live_room,1700001606,click,1,food,sample
u9,i138,live_room,1700001607,click,1,game,sample
u68,i102,live_room,1700001608,click,1,game,sample
u31,i37,live_room,1700001609,click,1,music,sample
u27,i70,live_room,1700001610,click,1,food,sample
u19,i92,live_room,1700001611,click,1,movie,sample
u63,i35,live_room,1700001612,click,1,study,sample
u71,i55,live_room,1700001613,click,1,music,sample
u60,i95,live_room,1700001614,exposure,0,study,sample
u10,i135,live_room,1700001615,click,1,sports,sample
u67,i63,live_room,1700001616,click,1,sports,sample
u79,i46,live_room,1700001617,click,1,food,sample
u54,i110,live_room,1700001618,click,1,movie,sample
u78,i81,live_room,1700001619,exposure,0,sports,sample
u56,i81,live_room,1700001620,click,1,sports,sample
u70,i136,live_room,1700001621,click,1,food,sample
u27,i136,live_room,1700001622,click,1,food,sample
u36,i35,live_room,1700001623,click,1,study,sample
u3,i61,live_room,1700001624,exposure,0,music,sample
u5,i130,live_room,1700001625,exposure,0,food,sample
u46,i146,live_room,1700001626,click,1,movie,sample
u52,i26,live_room,1700001627,exposure,0,movie,sample
u52,i74,live_room,1700001628,click,1,movie,sample
u52,i80,live_room,1700001629,click,1,movie,sample
u42,i118,live_room,1700001630,click,1,food,sample
u21,i38,live_room,1700001631,click,1,movie,sample
u62,i58,live_room,1700001632,exposure,0,food,sample
u42,i30,live_room,1700001633,click,1,game,sample
u19,i95,live_room,1700001634,exposure,0,study,sample
u44,i126,live_room,1700001635,click,1,game,sample
u64,i104,live_room,1700001636,click,1,movie,sample
u22,i121,live_room,1700001637,exposure,0,music,sample
u50,i34,live_room,1700001638,exposure,0,food,sample
u41,i40,live_room,1700001639,click,1,food,sample
u17,i24,live_room,1700001640,click,1,game,sample
u45,i41,live_room,1700001641,click,1,study,sample
u0,i60,live_room,1700001642,click,1,game,sample
u49,i100,live_room,1700001643,click,1,food,sample
u13,i50,live_room,1700001644,exposure,0,movie,sample
u32,i66,live_room,1700001645,click,1,game,sample
u61,i129,live_room,1700001646,exposure,0,sports,sample
u61,i34,live_room,1700001647,click,1,food,sample
u19,i50,live_room,1700001648,click,1,movie,sample
u44,i30,live_room,1700001649,click,1,game,sample
u36,i1,live_room,1700001650,exposure,0,music,sample
u39,i57,live_room,1700001651,click,1,sports,sample
u73,i24,live_room,1700001652,click,1,game,sample
u45,i95,live_room,1700001653,click,1,study,sample
u20,i123,live_room,1700001654,click,1,sports,sample
u52,i70,live_room,1700001655,exposure,0,food,sample
u67,i110,live_room,1700001656,click,1,movie,sample
u48,i82,live_room,1700001657,click,1,food,sample
u60,i35,live_room,1700001658,click,1,study,sample
u62,i80,live_room,1700001659,click,1,movie,sample
u47,i147,live_room,1700001660,exposure,0,sports,sample
u37,i100,live_room,1700001661,click,1,food,sample
u63,i71,live_room,1700001662,click,1,study,sample
u41,i4,live_room,1700001663,exposure,0,food,sample
u5,i11,live_room,1700001664,click,1,study,sample
u18,i31,live_room,1700001665,click,1,music,sample
u44,i141,live_room,1700001666,click,1,sports,sample
u17,i24,live_room,1700001667,click,1,game,sample
u33,i39,live_room,1700001668,click,1,sports,sample
u64,i134,live_room,1700001669,exposure,0,movie,sample
u64,i38,live_room,1700001670,click,1,movie,sample
u61,i19,live_room,1700001671,click,1,music,sample
u4,i86,live_room,1700001672,click,1,movie,sample
u40,i6,live_room,1700001673,click,1,game,sample
u72,i50,live_room,1700001674,exposure,0,movie,sample
u22,i79,live_room,1700001675,click,1,music,sample
u30,i44,live_room,1700001676,click,1,movie,sample
u33,i57,live_room,1700001677,click,1,sports,sample
u47,i155,live_room,1700001678,click,1,study,sample
u37,i22,live_room,1700001679,click,1,food,sample
u67,i26,live_room,1700001680,click,1,movie,sample
u28,i8,live_room,1700001681,exposure,0,movie,sample
u41,i124,live_room,1700001682,exposure,0,food,sample
u66,i47,live_room,1700001683,click,1,study,sample
u66,i53,live_room,1700001684,exposure,0,study,sample
u1,i88,live_room,1700001685,click,1,food,sample
u48,i132,live_room,1700001686,exposure,0,game,sample
u65,i43,live_room,1700001687,click,1,music,sample
u59,i130,live_room,1700001688,click,1,food,sample
u65,i43,live_room,1700001689,exposure,0,music,sample
u27,i28,live_room,1700001690,click,1,food,sample
u27,i148,live_room,1700001691,exposure,0,food,sample
u14,i96,live_room,1700001692,click,1,game,sample
u32,i78,live_room,1700001693,click,1,game,sample
u8,i67,live_room,1700001694,click,1,music,sample
u46,i8,live_room,1700001695,click,1,movie,sample
u62,i146,live_room,1700001696,exposure,0,movie,sample
u74,i28,live_room,1700001697,click,1,food,sample
u28,i141,live_room,1700001698,click,1,sports,sample
u18,i11,live_room,1700001699,exposure,0,study,sample
u57,i96,live_room,1700001700,click,1,game,sample
u59,i148,live_room,1700001701,exposure,0,food,sample
u6,i144,live_room,1700001702,exposure,0,game,sample
u61,i46,live_room,1700001703,click,1,food,sample
u78,i75,live_room,1700001704,click,1,sports,sample
u28,i3,live_room,1700001705,click,1,sports,sample
u24,i70,live_room,1700001706,exposure,0,food,sample
u38,i151,live_room,1700001707,click,1,music,sample
u48,i103,live_room,1700001708,exposure,0,music,sample
u23,i119,live_room,1700001709,click,1,study,sample
u51,i115,live_room,1700001710,exposure,0,music,sample
u75,i8,live_room,1700001711,click,1,movie,sample
u19,i32,live_room,1700001712,click,1,movie,sample
u77,i85,live_room,1700001713,click,1,music,sample
u47,i5,live_room,1700001714,click,1,study,sample
u9,i138,live_room,1700001715,click,1,game,sample
u36,i143,live_room,1700001716,click,1,study,sample
u16,i111,live_room,1700001717,click,1,sports,sample
u9,i140,live_room,1700001718,exposure,0,movie,sample
u21,i55,live_room,1700001719,exposure,0,music,sample
u79,i40,live_room,1700001720,click,1,food,sample
u23,i71,live_room,1700001721,click,1,study,sample
u78,i8,live_room,1700001722,click,1,movie,sample
u59,i10,live_room,1700001723,click,1,food,sample
u11,i154,live_room,1700001724,exposure,0,food,sample
u46,i74,live_room,1700001725,click,1,movie,sample
u26,i44,live_room,1700001726,click,1,movie,sample
u27,i88,live_room,1700001727,click,1,food,sample
u34,i77,live_room,1700001728,click,1,study,sample
u4,i2,live_room,1700001729,click,1,movie,sample
u77,i128,live_room,1700001730,exposure,0,movie,sample
u26,i62,live_room,1700001731,click,1,movie,sample
u58,i28,live_room,1700001732,click,1,food,sample
u50,i88,live_room,1700001733,click,1,food,sample
u8,i49,live_room,1700001734,click,1,music,sample
u68,i102,live_room,1700001735,click,1,game,sample
u43,i16,live_room,1700001736,exposure,0,food,sample
u52,i8,live_room,1700001737,click,1,movie,sample
u35,i120,live_room,1700001738,exposure,0,game,sample
u28,i69,live_room,1700001739,click,1,sports,sample
u79,i100,live_room,1700001740,click,1,food,sample
u69,i140,live_room,1700001741,click,1,movie,sample
u58,i52,live_room,1700001742,exposure,0,food,sample
u11,i78,live_room,1700001743,exposure,0,game,sample
u47,i132,live_room,1700001744,exposure,0,game,sample
u78,i123,live_room,1700001745,click,1,sports,sample
u59,i28,live_room,1700001746,exposure,0,food,sample
u26,i48,live_room,1700001747,exposure,0,game,sample
u75,i32,live_room,1700001748,click,1,movie,sample
u48,i88,live_room,1700001749,click,1,food,sample
u59,i52,live_room,1700001750,exposure,0,food,sample
u31,i106,live_room,1700001751,exposure,0,food,sample
u22,i157,live_room,1700001752,click,1,music,sample
u66,i17,live_room,1700001753,click,1,study,sample
u60,i113,live_room,1700001754,click,1,study,sample
u28,i101,live_room,1700001755,exposure,0,study,sample
u76,i25,live_room,1700001756,click,1,music,sample
u79,i40,live_room,1700001757,click,1,food,sample
u55,i54,live_room,1700001758,click,1,game,sample
u6,i144,live_room,1700001759,click,1,game,sample
u39,i15,live_room,1700001760,exposure,0,sports,sample
u28,i9,live_room,1700001761,click,1,sports,sample
u73,i96,live_room,1700001762,exposure,0,game,sample
u11,i55,live_room,1700001763,exposure,0,music,sample
u22,i37,live_room,1700001764,click,1,music,sample
u22,i121,live_room,1700001765,click,1,music,sample
u21,i134,live_room,1700001766,click,1,movie,sample
u55,i6,live_room,1700001767,exposure,0,game,sample
u67,i50,live_room,1700001768,click,1,movie,sample
u60,i119,live_room,1700001769,click,1,study,sample
u38,i146,live_room,1700001770,exposure,0,movie,sample
u50,i104,live_room,1700001771,exposure,0,movie,sample
u50,i94,live_room,1700001772,click,1,food,sample
u22,i133,live_room,1700001773,click,1,music,sample
u67,i22,live_room,1700001774,exposure,0,food,sample
u34,i149,live_room,1700001775,click,1,study,sample
u3,i134,live_room,1700001776,click,1,movie,sample
u39,i159,live_room,1700001777,click,1,sports,sample
u5,i101,live_room,1700001778,click,1,study,sample
u58,i112,live_room,1700001779,exposure,0,food,sample
u16,i33,live_room,1700001780,click,1,sports,sample
u76,i31,live_room,1700001781,click,1,music,sample
u52,i14,live_room,1700001782,click,1,movie,sample
u23,i149,live_room,1700001783,click,1,study,sample
u66,i155,live_room,1700001784,click,1,study,sample
u49,i64,live_room,1700001785,click,1,food,sample
u29,i110,live_room,1700001786,click,1,movie,sample
u20,i33,live_room,1700001787,click,1,sports,sample
u9,i88,live_room,1700001788,exposure,0,food,sample
u12,i28,live_room,1700001789,click,1,food,sample
u71,i42,live_room,1700001790,exposure,0,game,sample
u47,i30,live_room,1700001791,exposure,0,game,sample
u26,i5,live_room,1700001792,click,1,study,sample
u3,i56,live_room,1700001793,click,1,movie,sample
u61,i124,live_room,1700001794,exposure,0,food,sample
u10,i103,live_room,1700001795,exposure,0,music,sample
u51,i151,live_room,1700001796,click,1,music,sample
u0,i66,live_room,1700001797,click,1,game,sample
u29,i116,live_room,1700001798,exposure,0,movie,sample
u38,i32,live_room,1700001799,click,1,movie,sample
u5,i20,live_room,1700001800,exposure,0,movie,sample
u0,i118,live_room,1700001801,click,1,food,sample
u19,i134,live_room,1700001802,click,1,movie,sample
u53,i74,live_room,1700001803,click,1,movie,sample
u41,i118,live_room,1700001804,exposure,0,food,sample
u49,i82,live_room,1700001805,click,1,food,sample
u34,i29,live_room,1700001806,click,1,study,sample
u50,i16,live_room,1700001807,click,1,food,sample
u23,i8,live_room,1700001808,exposure,0,movie,sample
u37,i22,live_room,1700001809,click,1,food,sample
u29,i104,live_room,1700001810,exposure,0,movie,sample
u62,i32,live_room,1700001811,click,1,movie,sample
u73,i30,live_room,1700001812,click,1,game,sample
u52,i158,live_room,1700001813,click,1,movie,sample
u31,i55,live_room,1700001814,exposure,0,music,sample
u20,i146,live_room,1700001815,click,1,movie,sample
u50,i65,live_room,1700001816,exposure,0,study,sample
u73,i102,live_room,1700001817,click,1,game,sample
u36,i137,live_room,1700001818,exposure,0,study,sample
u24,i46,live_room,1700001819,click,1,food,sample
u67,i26,live_room,1700001820,click,1,movie,sample
u37,i100,live_room,1700001821,exposure,0,food,sample
u2,i27,live_room,1700001822,click,1,sports,sample
u12,i94,live_room,1700001823,click,1,food,sample
u6,i72,live_room,1700001824,click,1,game,sample
u16,i159,live_room,1700001825,click,1,sports,sample
u35,i18,live_room,1700001826,click,1,game,sample
u22,i37,live_room,1700001827,click,1,music,sample
u4,i45,live_room,1700001828,exposure,0,sports,sample
u10,i31,live_room,1700001829,exposure,0,music,sample
u58,i54,live_room,1700001830,exposure,0,game,sample
u67,i55,live_room,1700001831,exposure,0,music,sample
u36,i47,live_room,1700001832,click,1,study,sample
u59,i0,live_room,1700001833,exposure,0,game,sample
u1,i94,live_room,1700001834,click,1,food,sample
u46,i46,live_room,1700001835,exposure,0,food,sample
u61,i106,live_room,1700001836,click,1,food,sample
u77,i7,live_room,1700001837,click,1,music,sample
u18,i105,live_room,1700001838,exposure,0,sports,sample
u44,i48,live_room,1700001839,click,1,game,sample
u20,i153,live_room,1700001840,click,1,sports,sample
u21,i27,live_room,1700001841,click,1,sports,sample
u49,i106,live_room,1700001842,click,1,food,sample
u45,i137,live_room,1700001843,click,1,study,sample
u54,i80,live_room,1700001844,exposure,0,movie,sample
u0,i20,live_room,1700001845,exposure,0,movie,sample
u18,i136,live_room,1700001846,exposure,0,food,sample
u43,i62,live_room,1700001847,click,1,movie,sample
u59,i114,live_room,1700001848,exposure,0,game,sample
u5,i47,live_room,1700001849,click,1,study,sample
u32,i68,live_room,1700001850,exposure,0,movie,sample
u45,i5,live_room,1700001851,click,1,study,sample
u54,i146,live_room,1700001852,click,1,movie,sample
u40,i72,live_room,1700001853,click,1,game,sample
u23,i143,live_room,1700001854,exposure,0,study,sample
u34,i89,live_room,1700001855,click,1,study,sample
u44,i66,live_room,1700001856,click,1,game,sample
u36,i113,live_room,1700001857,click,1,study,sample
u35,i96,live_room,1700001858,click,1,game,sample
u6,i132,live_room,1700001859,click,1,game,sample
u50,i70,live_room,1700001860,click,1,food,sample
u13,i94,live_room,1700001861,click,1,food,sample
u27,i117,live_room,1700001862,click,1,sports,sample
u51,i49,live_room,1700001863,click,1,music,sample
u77,i67,live_room,1700001864,click,1,music,sample
u33,i111,live_room,1700001865,click,1,sports,sample
u39,i9,live_room,1700001866,click,1,sports,sample
u9,i127,live_room,1700001867,exposure,0,music,sample
u21,i98,live_room,1700001868,click,1,movie,sample
u65,i13,live_room,1700001869,click,1,music,sample
u78,i141,live_room,1700001870,click,1,sports,sample
u15,i58,live_room,1700001871,click,1,food,sample
u56,i145,live_room,1700001872,click,1,music,sample
u62,i122,live_room,1700001873,click,1,movie,sample
u23,i83,live_room,1700001874,click,1,study,sample
u79,i112,live_room,1700001875,exposure,0,food,sample
u28,i105,live_room,1700001876,exposure,0,sports,sample
u46,i140,live_room,1700001877,click,1,movie,sample
u18,i82,live_room,1700001878,click,1,food,sample
u79,i92,live_room,1700001879,exposure,0,movie,sample
u67,i140,live_room,1700001880,click,1,movie,sample
u59,i94,live_room,1700001881,click,1,food,sample
u60,i11,live_room,1700001882,click,1,study,sample
u8,i145,live_room,1700001883,click,1,music,sample
u19,i85,live_room,1700001884,exposure,0,music,sample
u0,i42,live_room,1700001885,exposure,0,game,sample
u53,i140,live_room,1700001886,exposure,0,movie,sample
u3,i14,live_room,1700001887,click,1,movie,sample
u53,i86,live_room,1700001888,exposure,0,movie,sample
u35,i132,live_room,1700001889,click,1,game,sample
u43,i122,live_room,1700001890,exposure,0,movie,sample
u77,i109,live_room,1700001891,click,1,music,sample
u41,i132,live_room,1700001892,click,1,game,sample
u77,i16,live_room,1700001893,click,1,food,sample
u24,i10,live_room,1700001894,exposure,0,food,sample
u61,i136,live_room,1700001895,click,1,food,sample
u33,i147,live_room,1700001896,click,1,sports,sample
u47,i143,live_room,1700001897,exposure,0,study,sample
u60,i24,live_room,1700001898,exposure,0,game,sample
u77,i106,live_room,1700001899,exposure,0,food,sample
u19,i116,live_room,1700001900,click,1,movie,sample
u24,i142,live_room,1700001901,click,1,food,sample
u0,i29,live_room,1700001902,exposure,0,study,sample
u3,i158,live_room,1700001903,click,1,movie,sample
u23,i121,live_room,1700001904,click,1,music,sample
u25,i99,live_room,1700001905,click,1,sports,sample
u34,i41,live_room,1700001906,click,1,study,sample
u19,i145,live_room,1700001907,exposure,0,music,sample
u65,i73,live_room,1700001908,click,1,music,sample
u66,i101,live_room,1700001909,click,1,study,sample
u65,i128,live_room,1700001910,click,1,movie,sample
u78,i87,live_room,1700001911,click,1,sports,sample
u55,i114,live_room,1700001912,click,1,game,sample
u69,i14,live_room,1700001913,exposure,0,movie,sample
u14,i74,live_room,1700001914,click,1,movie,sample
u7,i118,live_room,1700001915,exposure,0,food,sample
u62,i128,live_room,1700001916,click,1,movie,sample
u9,i108,live_room,1700001917,click,1,game,sample
u71,i121,live_room,1700001918,click,1,music,sample
u48,i142,live_room,1700001919,click,1,food,sample
u71,i67,live_room,1700001920,click,1,music,sample
u58,i88,live_room,1700001921,click,1,food,sample
u70,i112,live_room,1700001922,click,1,food,sample
u27,i118,live_room,1700001923,click,1,food,sample
u51,i109,live_room,1700001924,click,1,music,sample
u48,i124,live_room,1700001925,click,1,food,sample
u26,i56,live_room,1700001926,click,1,movie,sample
u24,i135,live_room,1700001927,click,1,sports,sample
u36,i59,live_room,1700001928,click,1,study,sample
u58,i40,live_room,1700001929,click,1,food,sample
u31,i109,live_room,1700001930,click,1,music,sample
u26,i104,live_room,1700001931,click,1,movie,sample
u72,i140,live_room,1700001932,click,1,movie,sample
u6,i30,live_room,1700001933,click,1,game,sample
u49,i46,live_room,1700001934,click,1,food,sample
u8,i142,live_room,1700001935,click,1,food,sample
u56,i16,live_room,1700001936,exposure,0,food,sample
u67,i140,live_room,1700001937,click,1,movie,sample
u34,i6,live_room,1700001938,exposure,0,game,sample
u52,i80,live_room,1700001939,click,1,movie,sample
u37,i94,live_room,1700001940,click,1,food,sample
u55,i114,live_room,1700001941,click,1,game,sample
u29,i134,live_room,1700001942,click,1,movie,sample
u17,i30,live_room,1700001943,click,1,game,sample
u46,i20,live_room,1700001944,click,1,movie,sample
u8,i73,live_room,1700001945,click,1,music,sample
u1,i112,live_room,1700001946,click,1,food,sample
u17,i35,live_room,1700001947,exposure,0,study,sample
u28,i81,live_room,1700001948,click,1,sports,sample
u38,i25,live_room,1700001949,click,1,music,sample
u9,i156,live_room,1700001950,click,1,game,sample
u42,i136,live_room,1700001951,click,1,food,sample
u23,i18,live_room,1700001952,exposure,0,game,sample
u76,i9,live_room,1700001953,click,1,sports,sample
u56,i22,live_room,1700001954,exposure,0,food,sample
u21,i140,live_room,1700001955,click,1,movie,sample
u46,i44,live_room,1700001956,exposure,0,movie,sample
u45,i17,live_room,1700001957,click,1,study,sample
u50,i40,live_room,1700001958,click,1,food,sample
u70,i124,live_room,1700001959,exposure,0,food,sample
u42,i76,live_room,1700001960,click,1,food,sample
u65,i49,live_room,1700001961,click,1,music,sample
u40,i131,live_room,1700001962,exposure,0,study,sample
u19,i7,live_room,1700001963,click,1,music,sample
u68,i48,live_room,1700001964,click,1,game,sample
u18,i89,live_room,1700001965,click,1,study,sample
u50,i104,live_room,1700001966,exposure,0,movie,sample
u50,i94,live_room,1700001967,click,1,food,sample
u71,i7,live_room,1700001968,click,1,music,sample
u43,i110,live_room,1700001969,click,1,movie,sample
u72,i56,live_room,1700001970,click,1,movie,sample
u66,i11,live_room,1700001971,click,1,study,sample
u64,i86,live_room,1700001972,click,1,movie,sample
u25,i51,live_room,1700001973,click,1,sports,sample
u78,i81,live_room,1700001974,click,1,sports,sample
u17,i38,live_room,1700001975,exposure,0,movie,sample
u27,i99,live_room,1700001976,exposure,0,sports,sample
u31,i7,live_room,1700001977,exposure,0,music,sample
u14,i154,live_room,1700001978,click,1,food,sample
u28,i57,live_room,1700001979,click,1,sports,sample
u72,i80,live_room,1700001980,exposure,0,movie,sample
u48,i52,live_room,1700001981,click,1,food,sample
u45,i11,live_room,1700001982,exposure,0,study,sample
u76,i79,live_room,1700001983,click,1,music,sample
u54,i154,live_room,1700001984,exposure,0,food,sample
u7,i58,live_room,1700001985,click,1,food,sample
u5,i137,live_room,1700001986,exposure,0,study,sample
u5,i23,live_room,1700001987,click,1,study,sample
u40,i6,live_room,1700001988,click,1,game,sample
u78,i136,live_room,1700001989,exposure,0,food,sample
u30,i122,live_room,1700001990,click,1,movie,sample
u13,i100,live_room,1700001991,click,1,food,sample
u79,i25,live_room,1700001992,exposure,0,music,sample
u56,i151,live_room,1700001993,exposure,0,music,sample
u58,i21,live_room,1700001994,exposure,0,sports,sample
u8,i139,live_room,1700001995,click,1,music,sample
u45,i149,live_room,1700001996,click,1,study,sample
u3,i74,live_room,1700001997,click,1,movie,sample
u73,i159,live_room,1700001998,exposure,0,sports,sample
u13,i46,live_room,1700001999,click,1,food,sample
u32,i72,live_room,1700002000,click,1,game,sample
u65,i157,live_room,1700002001,click,1,music,sample
u66,i65,live_room,1700002002,click,1,study,sample
u34,i83,live_room,1700002003,click,1,study,sample
u4,i134,live_room,1700002004,click,1,movie,sample
u29,i8,live_room,1700002005,click,1,movie,sample
u18,i129,live_room,1700002006,exposure,0,sports,sample
u70,i64,live_room,1700002007,click,1,food,sample
u66,i53,live_room,1700002008,exposure,0,study,sample
u63,i35,live_room,1700002009,click,1,study,sample
u26,i146,live_room,1700002010,click,1,movie,sample
u2,i29,live_room,1700002011,exposure,0,study,sample
u56,i99,live_room,1700002012,click,1,sports,sample
u8,i139,live_room,1700002013,click,1,music,sample
u9,i90,live_room,1700002014,click,1,game,sample
u54,i128,live_room,1700002015,click,1,movie,sample
u68,i55,live_room,1700002016,click,1,music,sample
u4,i20,live_room,1700002017,click,1,movie,sample
u14,i154,live_room,1700002018,click,1,food,sample
u4,i86,live_room,1700002019,click,1,movie,sample
u42,i88,live_room,1700002020,exposure,0,food,sample
u21,i134,live_room,1700002021,exposure,0,movie,sample
u18,i155,live_room,1700002022,click,1,study,sample
u74,i94,live_room,1700002023,click,1,food,sample
u38,i41,live_room,1700002024,exposure,0,study,sample
u5,i119,live_room,1700002025,click,1,study,sample
u42,i136,live_room,1700002026,click,1,food,sample
u40,i54,live_room,1700002027,click,1,game,sample
u79,i10,live_room,1700002028,click,1,food,sample
u77,i1,live_room,1700002029,click,1,music,sample
u8,i43,live_room,1700002030,click,1,music,sample
u23,i41,live_room,1700002031,click,1,study,sample
u21,i152,live_room,1700002032,click,1,movie,sample
u12,i70,live_room,1700002033,click,1,food,sample
u62,i14,live_room,1700002034,click,1,movie,sample
u55,i104,live_room,1700002035,exposure,0,movie,sample
u58,i146,live_room,1700002036,exposure,0,movie,sample
u23,i113,live_room,1700002037,click,1,study,sample
u67,i68,live_room,1700002038,click,1,movie,sample
u40,i6,live_room,1700002039,exposure,0,game,sample
u12,i106,live_room,1700002040,click,1,food,sample
u15,i91,live_room,1700002041,exposure,0,music,sample
u51,i97,live_room,1700002042,click,1,music,sample
u0,i111,live_room,1700002043,exposure,0,sports,sample
u44,i60,live_room,1700002044,click,1,game,sample
u18,i155,live_room,1700002045,click,1,study,sample
u77,i61,live_room,1700002046,click,1,music,sample
u77,i84,live_room,1700002047,exposure,0,game,sample
u54,i31,live_room,1700002048,exposure,0,music,sample
u10,i45,live_room,1700002049,click,1,sports,sample
u3,i134,live_room,1700002050,click,1,movie,sample
u42,i76,live_room,1700002051,click,1,food,sample
u37,i124,live_room,1700002052,click,1,food,sample
u77,i157,live_room,1700002053,click,1,music,sample
u24,i88,live_room,1700002054,click,1,food,sample
u67,i110,live_room,1700002055,click,1,movie,sample
u73,i5,live_room,1700002056,click,1,study,sample
u39,i123,live_room,1700002057,click,1,sports,sample
u72,i38,live_room,1700002058,click,1,movie,sample
u27,i112,live_room,1700002059,click,1,food,sample
u32,i72,live_room,1700002060,click,1,game,sample
u3,i20,live_room,1700002061,click,1,movie,sample
u68,i78,live_room,1700002062,click,1,game,sample
u37,i69,live_room,1700002063,exposure,0,sports,sample
u77,i133,live_room,1700002064,click,1,music,sample
u7,i10,live_room,1700002065,click,1,food,sample
u6,i132,live_room,1700002066,click,1,game,sample
u1,i28,live_room,1700002067,click,1,food,sample
u11,i29,live_room,1700002068,exposure,0,study,sample
u50,i154,live_room,1700002069,click,1,food,sample
u13,i130,live_room,1700002070,click,1,food,sample
u25,i57,live_room,1700002071,exposure,0,sports,sample
u78,i105,live_room,1700002072,click,1,sports,sample
u57,i39,live_room,1700002073,click,1,sports,sample
u52,i8,live_room,1700002074,click,1,movie,sample
u29,i134,live_room,1700002075,click,1,movie,sample
u37,i4,live_room,1700002076,click,1,food,sample
u5,i35,live_room,1700002077,click,1,study,sample
u5,i5,live_room,1700002078,click,1,study,sample
u52,i105,live_room,1700002079,click,1,sports,sample
u31,i121,live_room,1700002080,click,1,music,sample
u36,i13,live_room,1700002081,exposure,0,music,sample
u62,i80,live_room,1700002082,exposure,0,movie,sample
u29,i146,live_room,1700002083,exposure,0,movie,sample
u68,i145,live_room,1700002084,click,1,music,sample
u9,i127,live_room,1700002085,exposure,0,music,sample
u61,i44,live_room,1700002086,click,1,movie,sample
u74,i76,live_room,1700002087,click,1,food,sample
u27,i112,live_room,1700002088,click,1,food,sample
u35,i132,live_room,1700002089,click,1,game,sample
u68,i25,live_room,1700002090,exposure,0,music,sample
u70,i22,live_room,1700002091,click,1,food,sample
u5,i83,live_room,1700002092,click,1,study,sample
u51,i97,live_room,1700002093,click,1,music,sample
u58,i136,live_room,1700002094,click,1,food,sample
u29,i29,live_room,1700002095,exposure,0,study,sample
u20,i63,live_room,1700002096,click,1,sports,sample
u6,i150,live_room,1700002097,click,1,game,sample
u67,i122,live_room,1700002098,click,1,movie,sample
u44,i54,live_room,1700002099,click,1,game,sample
u42,i139,live_room,1700002100,exposure,0,music,sample
u26,i74,live_room,1700002101,click,1,movie,sample
u77,i152,live_room,1700002102,exposure,0,movie,sample
u59,i110,live_room,1700002103,exposure,0,movie,sample
u8,i121,live_room,1700002104,click,1,music,sample
u70,i76,live_room,1700002105,exposure,0,food,sample
u8,i79,live_room,1700002106,click,1,music,sample
u10,i105,live_room,1700002107,click,1,sports,sample
u75,i140,live_room,1700002108,click,1,movie,sample
u18,i35,live_room,1700002109,click,1,study,sample
u36,i137,live_room,1700002110,exposure,0,study,sample
u25,i117,live_room,1700002111,click,1,sports,sample
u28,i47,live_room,1700002112,exposure,0,study,sample
u65,i73,live_room,1700002113,exposure,0,music,sample
u29,i105,live_room,1700002114,click,1,sports,sample
u15,i136,live_room,1700002115,click,1,food,sample
u73,i156,live_room,1700002116,click,1,game,sample
u43,i98,live_room,1700002117,click,1,movie,sample
u30,i96,live_room,1700002118,exposure,0,game,sample
u37,i28,live_room,1700002119,click,1,food,sample
u70,i28,live_room,1700002120,click,1,food,sample
u6,i84,live_room,1700002121,click,1,game,sample
u50,i154,live_room,1700002122,click,1,food,sample
u10,i33,live_room,1700002123,click,1,sports,sample
u42,i69,live_room,1700002124,exposure,0,sports,sample
u74,i28,live_room,1700002125,click,1,food,sample
u9,i138,live_room,1700002126,click,1,game,sample
u49,i82,live_room,1700002127,click,1,food,sample
u20,i15,live_room,1700002128,click,1,sports,sample
u18,i65,live_room,1700002129,click,1,study,sample
u74,i64,live_room,1700002130,click,1,food,sample
u47,i143,live_room,1700002131,click,1,study,sample
u9,i78,live_room,1700002132,exposure,0,game,sample
u19,i92,live_room,1700002133,exposure,0,movie,sample
u50,i134,live_room,1700002134,click,1,movie,sample
u1,i22,live_room,1700002135,click,1,food,sample
u0,i109,live_room,1700002136,exposure,0,music,sample
u4,i44,live_room,1700002137,click,1,movie,sample
u21,i106,live_room,1700002138,exposure,0,food,sample
u7,i112,live_room,1700002139,click,1,food,sample
u73,i35,live_room,1700002140,exposure,0,study,sample
u56,i45,live_room,1700002141,exposure,0,sports,sample
u28,i39,live_room,1700002142,exposure,0,sports,sample
u62,i140,live_room,1700002143,click,1,movie,sample
u61,i154,live_room,1700002144,click,1,food,sample
u0,i7,live_room,1700002145,exposure,0,music,sample
u38,i37,live_room,1700002146,click,1,music,sample
u7,i74,live_room,1700002147,exposure,0,movie,sample
u0,i155,live_room,1700002148,click,1,study,sample
u1,i106,live_room,1700002149,exposure,0,food,sample
u29,i44,live_room,1700002150,exposure,0,movie,sample
u46,i25,live_room,1700002151,click,1,music,sample
u52,i68,live_room,1700002152,click,1,movie,sample
u18,i93,live_room,1700002153,exposure,0,sports,sample
u21,i92,live_room,1700002154,exposure,0,movie,sample
u15,i6,live_room,1700002155,click,1,game,sample
u54,i92,live_room,1700002156,click,1,movie,sample
u0,i24,live_room,1700002157,click,1,game,sample
u16,i27,live_room,1700002158,click,1,sports,sample
u72,i104,live_room,1700002159,click,1,movie,sample
u5,i155,live_room,1700002160,click,1,study,sample
u72,i32,live_room,1700002161,exposure,0,movie,sample
u15,i46,live_room,1700002162,click,1,food,sample
u18,i17,live_room,1700002163,exposure,0,study,sample
u24,i112,live_room,1700002164,click,1,food,sample
u40,i24,live_room,1700002165,click,1,game,sample
u2,i80,live_room,1700002166,exposure,0,movie,sample
u14,i39,live_room,1700002167,exposure,0,sports,sample
u53,i41,live_room,1700002168,click,1,study,sample
u4,i89,live_room,1700002169,click,1,study,sample
u23,i137,live_room,1700002170,exposure,0,study,sample
u74,i16,live_room,1700002171,click,1,food,sample
u34,i137,live_room,1700002172,exposure,0,study,sample
u52,i38,live_room,1700002173,click,1,movie,sample
u8,i18,live_room,1700002174,exposure,0,game,sample
u74,i106,live_room,1700002175,click,1,food,sample
u49,i98,live_room,1700002176,exposure,0,movie,sample
u2,i87,live_room,1700002177,click,1,sports,sample
u28,i69,live_room,1700002178,click,1,sports,sample
u75,i121,live_room,1700002179,exposure,0,music,sample
u28,i135,live_room,1700002180,click,1,sports,sample
u19,i26,live_room,1700002181,click,1,movie,sample
u45,i0,live_room,1700002182,exposure,0,game,sample
u26,i80,live_room,1700002183,click,1,movie,sample
u32,i69,live_room,1700002184,exposure,0,sports,sample
u61,i58,live_room,1700002185,click,1,food,sample
u32,i12,live_room,1700002186,click,1,game,sample
u67,i20,live_room,1700002187,click,1,movie,sample
u65,i115,live_room,1700002188,exposure,0,music,sample
u8,i31,live_room,1700002189,click,1,music,sample
u39,i117,live_room,1700002190,click,1,sports,sample
u13,i17,live_room,1700002191,click,1,study,sample
u24,i65,live_room,1700002192,click,1,study,sample
u1,i42,live_room,1700002193,click,1,game,sample
u19,i2,live_room,1700002194,click,1,movie,sample
u16,i147,live_room,1700002195,click,1,sports,sample
u29,i32,live_room,1700002196,click,1,movie,sample
u48,i9,live_room,1700002197,exposure,0,sports,sample
u17,i126,live_room,1700002198,click,1,game,sample
u74,i112,live_room,1700002199,exposure,0,food,sample
u52,i3,live_room,1700002200,click,1,sports,sample
u59,i52,live_room,1700002201,click,1,food,sample
u1,i10,live_room,1700002202,exposure,0,food,sample
u13,i52,live_room,1700002203,exposure,0,food,sample
u50,i106,live_room,1700002204,click,1,food,sample
u73,i60,live_room,1700002205,exposure,0,game,sample
u43,i128,live_room,1700002206,click,1,movie,sample
u57,i138,live_room,1700002207,exposure,0,game,sample
u74,i40,live_room,1700002208,click,1,food,sample
u76,i73,live_room,1700002209,exposure,0,music,sample
u0,i54,live_room,1700002210,click,1,game,sample
u38,i67,live_room,1700002211,click,1,music,sample
u27,i69,live_room,1700002212,click,1,sports,sample
u8,i73,live_room,1700002213,exposure,0,music,sample
u39,i95,live_room,1700002214,click,1,study,sample
u25,i56,live_room,1700002215,exposure,0,movie,sample
u28,i93,live_room,1700002216,click,1,sports,sample
u61,i9,live_room,1700002217,exposure,0,sports,sample
u29,i74,live_room,1700002218,click,1,movie,sample
u38,i19,live_room,1700002219,exposure,0,music,sample
u73,i36,live_room,1700002220,exposure,0,game,sample
u4,i20,live_room,1700002221,click,1,movie,sample
u34,i29,live_room,1700002222,click,1,study,sample
u34,i29,live_room,1700002223,exposure,0,study,sample
u70,i52,live_room,1700002224,click,1,food,sample
u30,i134,live_room,1700002225,exposure,0,movie,sample
u42,i100,live_room,1700002226,click,1,food,sample
u1,i58,live_room,1700002227,click,1,food,sample
u25,i69,live_room,1700002228,click,1,sports,sample
u20,i44,live_room,1700002229,exposure,0,movie,sample
u53,i128,live_room,1700002230,exposure,0,movie,sample
u16,i129,live_room,1700002231,exposure,0,sports,sample
u11,i5,live_room,1700002232,click,1,study,sample
u31,i49,live_room,1700002233,click,1,music,sample
u24,i10,live_room,1700002234,click,1,food,sample
u28,i15,live_room,1700002235,click,1,sports,sample
u61,i70,live_room,1700002236,click,1,food,sample
u34,i43,live_room,1700002237,exposure,0,music,sample
u38,i67,live_room,1700002238,click,1,music,sample
u23,i143,live_room,1700002239,click,1,study,sample
u77,i7,live_room,1700002240,exposure,0,music,sample
u76,i109,live_room,1700002241,click,1,music,sample
u1,i130,live_room,1700002242,click,1,food,sample
u21,i62,live_room,1700002243,click,1,movie,sample
u71,i74,live_room,1700002244,exposure,0,movie,sample
u42,i64,live_room,1700002245,click,1,food,sample
u16,i56,live_room,1700002246,exposure,0,movie,sample
u5,i59,live_room,1700002247,click,1,study,sample
u46,i104,live_room,1700002248,click,1,movie,sample
u51,i115,live_room,1700002249,exposure,0,music,sample
u27,i58,live_room,1700002250,click,1,food,sample
u52,i92,live_room,1700002251,click,1,movie,sample
u40,i120,live_room,1700002252,click,1,game,sample
u76,i25,live_room,1700002253,click,1,music,sample
u23,i77,live_room,1700002254,exposure,0,study,sample
u21,i122,live_room,1700002255,exposure,0,movie,sample
u54,i67,live_room,1700002256,click,1,music,sample
u50,i46,live_room,1700002257,click,1,food,sample
u58,i82,live_room,1700002258,click,1,food,sample
u46,i32,live_room,1700002259,exposure,0,movie,sample
u29,i105,live_room,1700002260,exposure,0,sports,sample
u37,i4,live_room,1700002261,click,1,food,sample
u58,i2,live_room,1700002262,exposure,0,movie,sample
u7,i118,live_room,1700002263,click,1,food,sample
u9,i41,live_room,1700002264,exposure,0,study,sample
u73,i24,live_room,1700002265,click,1,game,sample
u27,i157,live_room,1700002266,exposure,0,music,sample
u40,i158,live_room,1700002267,exposure,0,movie,sample
u20,i99,live_room,1700002268,click,1,sports,sample
u6,i66,live_room,1700002269,exposure,0,game,sample
u27,i154,live_room,1700002270,click,1,food,sample
u37,i64,live_room,1700002271,click,1,food,sample
u63,i41,live_room,1700002272,click,1,study,sample
u17,i18,live_room,1700002273,exposure,0,game,sample
u29,i14,live_room,1700002274,click,1,movie,sample
u24,i58,live_room,1700002275,click,1,food,sample
u38,i103,live_room,1700002276,click,1,music,sample
u30,i92,live_room,1700002277,click,1,movie,sample
u11,i35,live_room,1700002278,click,1,study,sample
u71,i49,live_room,1700002279,click,1,music,sample
u77,i7,live_room,1700002280,click,1,music,sample
u7,i128,live_room,1700002281,exposure,0,movie,sample
u70,i70,live_room,1700002282,click,1,food,sample
u35,i96,live_room,1700002283,click,1,game,sample
u78,i9,live_room,1700002284,click,1,sports,sample
u8,i19,live_room,1700002285,click,1,music,sample
u69,i96,live_room,1700002286,exposure,0,game,sample
u62,i86,live_room,1700002287,click,1,movie,sample
u5,i76,live_room,1700002288,exposure,0,food,sample
u66,i129,live_room,1700002289,exposure,0,sports,sample
u34,i119,live_room,1700002290,click,1,study,sample
u33,i118,live_room,1700002291,exposure,0,food,sample
u73,i54,live_room,1700002292,click,1,game,sample
u56,i95,live_room,1700002293,exposure,0,study,sample
u46,i68,live_room,1700002294,click,1,movie,sample
u17,i24,live_room,1700002295,exposure,0,game,sample
u8,i49,live_room,1700002296,click,1,music,sample
u33,i117,live_room,1700002297,click,1,sports,sample
u54,i104,live_room,1700002298,exposure,0,movie,sample
u70,i88,live_room,1700002299,click,1,food,sample
u20,i117,live_room,1700002300,click,1,sports,sample
u23,i95,live_room,1700002301,click,1,study,sample
u68,i114,live_room,1700002302,click,1,game,sample
u66,i143,live_room,1700002303,exposure,0,study,sample
u30,i20,live_room,1700002304,click,1,movie,sample
u2,i75,live_room,1700002305,click,1,sports,sample
u11,i58,live_room,1700002306,exposure,0,food,sample
u26,i26,live_room,1700002307,click,1,movie,sample
u53,i14,live_room,1700002308,click,1,movie,sample
u68,i24,live_room,1700002309,click,1,game,sample
u58,i124,live_room,1700002310,click,1,food,sample
u67,i152,live_room,1700002311,click,1,movie,sample
u56,i135,live_room,1700002312,click,1,sports,sample
u0,i112,live_room,1700002313,exposure,0,food,sample
u45,i43,live_room,1700002314,exposure,0,music,sample
u78,i99,live_room,1700002315,click,1,sports,sample
u6,i0,live_room,1700002316,click,1,game,sample
u5,i41,live_room,1700002317,exposure,0,study,sample
u61,i127,live_room,1700002318,exposure,0,music,sample
u42,i62,live_room,1700002319,exposure,0,movie,sample
u31,i118,live_room,1700002320,exposure,0,food,sample
u15,i84,live_room,1700002321,exposure,0,game,sample
u66,i131,live_room,1700002322,click,1,study,sample
u45,i83,live_room,1700002323,exposure,0,study,sample
u47,i5,live_room,1700002324,click,1,study,sample
u65,i157,live_room,1700002325,click,1,music,sample
u41,i4,live_room,1700002326,exposure,0,food,sample
u40,i156,live_room,1700002327,click,1,game,sample
u47,i17,live_room,1700002328,click,1,study,sample
u6,i36,live_room,1700002329,exposure,0,game,sample
u64,i2,live_room,1700002330,click,1,movie,sample
u36,i23,live_room,1700002331,click,1,study,sample
u14,i16,live_room,1700002332,exposure,0,food,sample
u17,i150,live_room,1700002333,click,1,game,sample
u32,i12,live_room,1700002334,exposure,0,game,sample
u78,i153,live_room,1700002335,click,1,sports,sample
u33,i81,live_room,1700002336,exposure,0,sports,sample
u26,i32,live_room,1700002337,click,1,movie,sample
u3,i20,live_room,1700002338,exposure,0,movie,sample
u71,i19,live_room,1700002339,click,1,music,sample
u35,i24,live_room,1700002340,click,1,game,sample
u11,i11,live_room,1700002341,click,1,study,sample
u70,i115,live_room,1700002342,exposure,0,music,sample
u1,i112,live_room,1700002343,click,1,food,sample
u48,i46,live_room,1700002344,click,1,food,sample
u31,i73,live_room,1700002345,exposure,0,music,sample
u31,i18,live_room,1700002346,exposure,0,game,sample
u20,i134,live_room,1700002347,click,1,movie,sample
u75,i101,live_room,1700002348,exposure,0,study,sample
u17,i42,live_room,1700002349,click,1,game,sample
u30,i74,live_room,1700002350,exposure,0,movie,sample
u39,i123,live_room,1700002351,click,1,sports,sample
u49,i76,live_room,1700002352,click,1,food,sample
u62,i2,live_room,1700002353,click,1,movie,sample
u66,i89,live_room,1700002354,click,1,study,sample
u28,i9,live_room,1700002355,click,1,sports,sample
u12,i52,live_room,1700002356,exposure,0,food,sample
u45,i95,live_room,1700002357,click,1,study,sample
u62,i129,live_room,1700002358,exposure,0,sports,sample
u35,i108,live_room,1700002359,click,1,game,sample
u61,i64,live_room,1700002360,exposure,0,food,sample
u46,i140,live_room,1700002361,exposure,0,movie,sample
u70,i52,live_room,1700002362,exposure,0,food,sample
u34,i47,live_room,1700002363,click,1,study,sample
u74,i22,live_room,1700002364,click,1,food,sample
u36,i107,live_room,1700002365,click,1,study,sample
u21,i116,live_room,1700002366,click,1,movie,sample
u26,i114,live_room,1700002367,click,1,game,sample
u63,i136,live_room,1700002368,exposure,0,food,sample
u27,i122,live_room,1700002369,exposure,0,movie,sample
u16,i89,live_room,1700002370,exposure,0,study,sample
u67,i92,live_room,1700002371,exposure,0,movie,sample
u30,i136,live_room,1700002372,click,1,food,sample
u10,i27,live_room,1700002373,click,1,sports,sample
u13,i91,live_room,1700002374,exposure,0,music,sample
u4,i68,live_room,1700002375,click,1,movie,sample
u39,i87,live_room,1700002376,click,1,sports,sample
u20,i87,live_room,1700002377,exposure,0,sports,sample
u66,i59,live_room,1700002378,click,1,study,sample
u70,i155,live_room,1700002379,exposure,0,study,sample
u35,i36,live_room,1700002380,click,1,game,sample
u29,i56,live_room,1700002381,click,1,movie,sample
u79,i40,live_room,1700002382,click,1,food,sample
u45,i107,live_room,1700002383,click,1,study,sample
u55,i84,live_room,1700002384,click,1,game,sample
u24,i148,live_room,1700002385,exposure,0,food,sample
u20,i117,live_room,1700002386,click,1,sports,sample
u27,i52,live_room,1700002387,exposure,0,food,sample
u70,i94,live_room,1700002388,click,1,food,sample
u3,i8,live_room,1700002389,click,1,movie,sample
u46,i82,live_room,1700002390,exposure,0,food,sample
u78,i96,live_room,1700002391,click,1,game,sample
u72,i110,live_room,1700002392,click,1,movie,sample
u15,i34,live_room,1700002393,click,1,food,sample
u12,i82,live_room,1700002394,click,1,food,sample
u56,i15,live_room,1700002395,click,1,sports,sample
u68,i30,live_room,1700002396,exposure,0,game,sample
u7,i34,live_room,1700002397,click,1,food,sample
u61,i96,live_room,1700002398,exposure,0,game,sample
u42,i100,live_room,1700002399,exposure,0,food,sample
